Scenario,Seed,NumDistractorLabels,CandidateSetSize,GroupIndex,SearchPhase,GroupSize,GroupFraction(%),RankStart,RankEnd,FeatureIndices0,FeatureIndices1,GroupWeightNorm,GapLowerBound,GapUpperBound,GapEstimate,Epsilon,EpsilonLower,EpsilonUpper,GapLower/Epsilon,GapUpper/Epsilon,GapLower/EpsilonUpper,GapUpper/EpsilonLower,RhoLower,RhoUpper,RhoEstimate,Status,FirstCertifiedNecessaryPrefix,ExactRefit,CertificateConverged,OptimizationGapRatio,SumSingletonLower,SumSingletonUpper,CertifiedSynergyLower,CertifiedSynergy,ElapsedSeconds
collective,100,0,2,1,Exponential,1,5.0,1,1,0,1,0.2647481858730316,1.4795862921038617e-05,1.4795883078525857e-05,1.4795879670614735e-05,0.0012398329669220875,0.0012398329669016613,0.0012398329669561668,0.01193375504264068,0.011933771300868826,0.011933755042312656,0.011933771301065434,0.00011933755042312658,0.00011933771301065434,0.00011933768552183147,NonNecessary,False,True,True,1.3509542429265138e-08,1.4795862921038617e-05,1.4795883078525857e-05,-2.015748723977796e-11,False,0.03706230001989752
collective,100,0,2,2,Exponential,2,10.0,1,2,0;1,1;2,0.374410480260849,0.12325174887849094,0.12325174888289886,0.12325174887949095,0.0012398329669220875,0.0012398329669016613,0.0012398329669561668,99.40996260525812,99.40996260881337,99.40996260252564,99.40996261045115,0.9940996260252565,0.9940996261045113,0.9940996260606467,JointlyNecessary,True,True,True,8.065602598731682e-10,2.9591725842077234e-05,2.9591766157051713e-05,0.12322215711233389,True,0.022814799973275512
collective,101,0,2,1,Exponential,1,5.0,1,1,0,1,0.2647109925746918,1.4868244611729656e-05,1.4868256832334607e-05,1.4868253908493535e-05,0.0012399225535875877,0.0012399225535775877,0.001239922553616826,0.011991268784255861,0.011991278640198005,0.011991268783973098,0.011991278640294716,0.00011991268783973097,0.00011991278640294716,0.00011991276282114379,NonNecessary,False,True,True,7.497858532912021e-09,1.4868244611729656e-05,1.4868256832334607e-05,-1.2220604951636706e-11,False,0.034978499985300004
collective,101,0,2,2,Exponential,2,10.0,1,2,0;1,1;2,0.3743578791618347,0.12283318598967974,0.12283318599360359,0.12283318599067974,0.0012399225535875877,0.0012399225535775877,0.001239922553616826,99.06520825375311,99.06520825691771,99.06520825141709,99.06520825771668,0.9906520825141708,0.9906520825771667,0.9906520825455963,JointlyNecessary,True,True,True,8.065019844236266e-10,2.973648922345931e-05,2.9736513664669215e-05,0.12280344947601507,True,0.02333689999068156
collective,102,0,2,1,Exponential,1,5.0,1,1,0,1,0.26506611704826355,1.4866562824324137e-05,1.4866575568352595e-05,1.4866572196245561e-05,0.0012397023825242346,0.0012397023825142346,0.0012397023825579557,0.01199204182704998,0.01199205210695961,0.011992041826723787,0.011992052107056343,0.00011992041826723787,0.00011992052107056344,0.00011992049386865592,NonNecessary,False,True,True,7.55981557866089e-09,1.4866562824324137e-05,1.4866575568352595e-05,-1.274402845825493e-11,False,0.03084379999199882
collective,102,0,2,2,Exponential,2,10.0,1,2,0;1,1;2,0.37486010789871216,0.12309278743091664,0.12309278743751159,0.12309278743413948,0.0012397023825242346,0.0012397023825142346,0.0012397023825579557,99.29220848981497,99.29220849513474,99.29220848711412,99.29220849593568,0.9929220848711413,0.992922084959357,0.9929220849241466,JointlyNecessary,True,True,True,2.5996824679031967e-09,2.9733125648648273e-05,2.973315113670519e-05,0.12306305427977994,True,0.03407550003612414
collective,103,0,2,1,Exponential,1,5.0,1,1,0,1,0.26433464884757996,1.480549159124287e-05,1.4805506899704252e-05,1.4805502950548293e-05,0.0012404894852132591,0.001240489485203259,0.0012404894852527507,0.01193520119898282,0.011935213539644763,0.011935201198602856,0.011935213539740976,0.00011935201198602856,0.00011935213539740977,0.00011935210356098263,NonNecessary,False,True,True,9.15711537384448e-09,1.480549159124287e-05,1.4805506899704252e-05,-1.5308461382283517e-11,False,0.031715799996163696
collective,103,0,2,2,Exponential,2,10.0,1,2,0;1,1;2,0.37382563948631287,0.12296232482640211,0.1229623248335384,0.12296232482958924,0.0012404894852132591,0.001240489485203259,0.0012404894852527507,99.12403635187847,99.12403635763128,99.12403634872281,99.12403635843035,0.9912403634872281,0.9912403635843036,0.9912403635444773,JointlyNecessary,True,True,True,2.5692565002327347e-09,2.961098318248574e-05,2.9611013799408503e-05,0.1229327138126027,True,0.024204199959058315
collective,104,0,2,1,Exponential,1,5.0,1,1,0,1,0.2648492157459259,1.4860718336758135e-05,1.4860740389521383e-05,1.4860727301277583e-05,0.0012394701640619232,0.0012394701640519232,0.0012394701641928057,0.01198957326093063,0.011989591053019449,0.011989573259664585,0.01198959105311618,0.00011989573259664585,0.00011989591053116181,0.00011989580493472169,NonNecessary,False,True,True,7.23254150039813e-09,1.4860718336758135e-05,1.4860740389521383e-05,-2.2052763247785122e-11,False,0.03744909999659285
collective,104,0,2,2,Exponential,2,10.0,1,2,0;1,1;2,0.3745533227920532,0.12300302329235795,0.1230030233077366,0.12300302329464836,0.0012394701640619232,0.0012394701640519232,0.0012394701641928057,99.2383898046075,99.23838981701495,99.23838979412837,99.2383898178156,0.9923838979412838,0.992383898178156,0.992383898064554,JointlyNecessary,True,True,True,1.8479042873820243e-09,2.972143667351627e-05,2.9721480779042766e-05,0.12297330181157891,True,0.02635030000237748
collective,105,0,2,1,Exponential,1,5.0,1,1,0,1,0.26509737968444824,1.4852249322491783e-05,1.4852260671247999e-05,1.4852252010764781e-05,0.0012397002147482635,0.0012397002147382635,0.0012397002148348683,0.011980516858672737,0.01198052601310869,0.011980516857835785,0.01198052601320533,0.00011980516857835784,0.0001198052601320533,0.0001198051902715909,NonNecessary,False,True,True,2.168486383502133e-09,1.4852249322491783e-05,1.4852260671247999e-05,-1.1348756215852416e-11,False,0.046235800022259355
collective,105,0,2,2,Exponential,2,10.0,1,2,0;1,1;2,0.3749043047428131,0.123092764176367,0.12309276418792582,0.12309276417926533,0.0012397002147482635,0.0012397002147382635,0.0012397002148348683,99.29236335686407,99.29236336618796,99.29236334992756,99.2923633669889,0.9929236334992756,0.992923633669889,0.9929236335920201,JointlyNecessary,True,True,True,2.3379328214471493e-09,2.9704498644983566e-05,2.9704521342495998e-05,0.1230630596550245,True,0.025712799979373813
collective,106,0,2,1,Exponential,1,5.0,1,1,0,1,0.2647309899330139,1.4887693022308263e-05,1.4887713521992367e-05,1.4887707769539044e-05,0.0012397545393549188,0.0012397545393449188,0.0012397545394124433,0.012008581174507958,0.01200859770978446,0.01200858117395076,0.012008597709881323,0.0001200858117395076,0.00012008597709881324,0.00012008593069790703,NonNecessary,False,True,True,1.1895282713944666e-08,1.4887693022308263e-05,1.4887713521992367e-05,-2.0499684103545725e-11,False,0.030373699963092804
collective,106,0,2,2,Exponential,2,10.0,1,2,0;1,1;2,0.37438616156578064,0.12261284654726506,0.12261284655573966,0.1226128465499872,0.0012397545393549188,0.0012397545393449188,0.0012397545394124433,98.90090550591101,98.90090551274672,98.90090550132201,98.90090551354447,0.9890090550132202,0.9890090551354447,0.9890090550810673,JointlyNecessary,True,True,True,2.195714105339374e-09,2.9775386044616527e-05,2.9775427043984734e-05,0.12258307112022108,True,0.02489539998350665
collective,107,0,2,1,Exponential,1,5.0,1,1,0,1,0.26483094692230225,1.4837463231169752e-05,1.4837469189048303e-05,1.4837466229982322e-05,0.0012399181632637216,0.0012399181632537215,0.0012399181632933123,0.011966485910743072,0.01196649071580096,0.011966485910457491,0.01196649071589747,0.00011966485910457491,0.0001196649071589747,0.00011966488329299925,NonNecessary,False,True,True,2.41855688012783e-09,1.4837463231169752e-05,1.4837469189048303e-05,-5.957878550523466e-12,False,0.03864769998472184
collective,107,0,2,2,Exponential,2,10.0,1,2,0;1,1;2,0.3745275139808655,0.12305636224462961,0.12305636224955085,0.12305636224659179,0.0012399181632637216,0.0012399181632537215,0.0012399181632933123,99.2455517553834,99.24555175935241,99.24555175301491,99.24555176015284,0.9924555175301492,0.9924555176015284,0.9924555175696591,JointlyNecessary,True,True,True,1.582507040087264e-09,2.9674926462339504e-05,2.9674938378096605e-05,0.12302668730625152,True,0.025226199999451637
collective,108,0,2,1,Exponential,1,5.0,1,1,0,1,0.264617919921875,1.4807541665278314e-05,1.4807547264387704e-05,1.4807545411694685e-05,0.0012396933347538664,0.0012396933347438664,0.0012396933347723934,0.01194451986645412,0.011944524382981903,0.01194451986627561,0.011944524383078255,0.0001194451986627561,0.00011944524383078256,0.00011944522888505031,NonNecessary,False,True,True,3.0220508697393664e-09,1.4807541665278314e-05,1.4807547264387704e-05,-5.599109390580915e-12,False,0.036286599992308766
collective,108,0,2,2,Exponential,2,10.0,1,2,0;1,1;2,0.37422624230384827,0.12315279328997235,0.12315279329282505,0.12315279329097235,0.0012396933347538664,0.0012396933347438664,0.0012396933347723934,99.3413369560655,99.34133695836664,99.34133695458085,99.34133695916798,0.9934133695458087,0.9934133695916798,0.9934133695687216,JointlyNecessary,True,True,True,8.066511063387656e-10,2.9615083330556628e-05,2.961509452877541e-05,0.12312317819544358,True,0.025009200035128742
collective,109,0,2,1,Exponential,1,5.0,1,1,0,1,0.2651365101337433,1.4844919660518714e-05,1.484493099541478e-05,1.4844923492551496e-05,0.0012399166379009475,0.0012399166378909473,0.001239916637975976,0.011972514285839127,0.011972523427498912,0.01197251428511466,0.011972523427595473,0.0001197251428511466,0.00011972523427595472,0.00011972517376395915,NonNecessary,False,True,True,3.090556795600011e-09,1.4844919660518714e-05,1.484493099541478e-05,-1.133489606496463e-11,False,0.03280879999510944
collective,109,0,2,2,Exponential,2,10.0,1,2,0;1,1;2,0.37495964765548706,0.12336048752925066,0.12336048753950905,0.1233604875320062,0.0012399166379009475,0.0012399166378909473,0.001239916637975976,99.49095266443669,99.49095267271015,99.4909526584164,99.49095267351257,0.9949095265841641,0.9949095267351256,0.9949095266665905,JointlyNecessary,True,True,True,2.22234749978572e-09,2.968983932103743e-05,2.968986199082956e-05,0.12333079766725984,True,0.02464359998703003
collective,110,0,2,1,Exponential,1,5.0,1,1,0,1,0.26454463601112366,1.4813670410340762e-05,1.4813686668842953e-05,1.4813675377054435e-05,0.0012396936433280539,0.0012396936433180538,0.0012396936434409718,0.011949460651078532,0.011949473766014046,0.01194946064999011,0.011949473766110438,0.00011949460649990111,0.00011949473766110438,0.00011949464657482613,NonNecessary,False,True,True,4.006404155124881e-09,1.4813670410340762e-05,1.4813686668842953e-05,-1.6258502190906595e-11,False,0.03417200001422316
collective,110,0,2,2,Exponential,2,10.0,1,2,0;1,1;2,0.37412261962890625,0.1229771396526562,0.12297713966573522,0.12297713965444343,0.0012396936433280539,0.0012396936433180538,0.0012396936434409718,99.19962106324472,99.19962107379492,99.19962105420909,99.19962107459511,0.9919962105420911,0.9919962107459512,0.9919962106468639,JointlyNecessary,True,True,True,1.4416675479670493e-09,2.9627340820681525e-05,2.9627373337685907e-05,0.12294751227931852,True,0.02430849999655038
collective,111,0,2,1,Exponential,1,5.0,1,1,0,1,0.26421910524368286,1.4815864891021052e-05,1.4815873329223051e-05,1.481586842731579e-05,0.001240288041585105,0.0012402880415751049,0.001240288041634124,0.0119455032978357,0.011945510101256935,0.011945503297363585,0.011945510101353246,0.00011945503297363585,0.00011945510101353247,0.00011945506149023988,NonNecessary,False,True,True,2.851188301650592e-09,1.4815864891021052e-05,1.4815873329223051e-05,-8.43820199905056e-12,False,0.04571759997634217
collective,111,0,2,2,Exponential,2,10.0,1,2,0;1,1;2,0.37366223335266113,0.12278699258706517,0.12278699259400129,0.12278699258909938,0.001240288041585105,0.0012402880415751049,0.001240288041634124,98.99877163222644,98.99877163781879,98.99877162831378,98.99877163861697,0.9899877162831378,0.9899877163861698,0.9899877163386654,JointlyNecessary,True,True,True,1.6401121779665283e-09,2.9631729782042104e-05,2.9631746658446102e-05,0.12275736084040673,True,0.034286600013729185
collective,112,0,2,1,Exponential,1,5.0,1,1,0,1,0.2644428014755249,1.4811549019687342e-05,1.4811570878292465e-05,1.4811569744733154e-05,0.001239832011272516,0.001239832011262516,0.0012398320112838518,0.011946416034608862,0.01194643366490468,0.011946416034499637,0.011946433665001036,0.00011946416034499637,0.00011946433665001035,0.00011946432750620082,NonNecessary,False,True,True,1.6716011222495272e-08,1.4811549019687342e-05,1.4811570878292465e-05,-2.185860512233552e-11,False,0.03355960000772029
collective,112,0,2,2,Exponential,2,10.0,1,2,0;1,1;2,0.3739786148071289,0.12291411256972565,0.1229141125729425,0.12291411257180894,0.001239832011272516,0.001239832011262516,0.0012398320112838518,99.13771499057466,99.13771499316925,99.13771498966824,99.13771499396886,0.9913771498966825,0.9913771499396886,0.9913771499225495,JointlyNecessary,True,True,True,1.6802989188180179e-09,2.9623098039374685e-05,2.962314175658493e-05,0.12288448942796906,True,0.027466500003356487
collective,113,0,2,1,Exponential,1,5.0,1,1,0,1,0.26493221521377563,1.4810574418311611e-05,1.4810600554565937e-05,1.4810587225135572e-05,0.0012396889768792416,0.001239688976867723,0.0012396889770125358,0.011947008237175212,0.011947029320087793,0.011947008235890642,0.011947029320198798,0.00011947008235890642,0.00011947029320198799,0.00011947018567850245,NonNecessary,False,True,True,1.033067511041407e-08,1.4810574418311611e-05,1.4810600554565937e-05,-2.6136254325818064e-11,False,0.045094800007063895
collective,113,0,2,2,Exponential,2,10.0,1,2,0;1,1;2,0.37467071413993835,0.12332788380323652,0.12332788381849988,0.12332788380517044,0.0012396889768792416,0.001239688976867723,0.0012396889770125358,99.48292362306769,99.48292363537993,99.48292361237105,99.48292363630428,0.9948292361237104,0.9948292363630429,0.994829236246277,JointlyNecessary,True,True,True,1.5600107053087925e-09,2.9621148836623222e-05,2.9621201109131874e-05,0.12329826260212738,True,0.02430129999993369
collective,114,0,2,1,Exponential,1,5.0,1,1,0,1,0.2649167776107788,1.4832920203699694e-05,1.4832938315731288e-05,1.4832934792983902e-05,0.0012399182316865556,0.0012399182316765556,0.001239918231721783,0.011962821276951247,0.011962835884391586,0.011962821276611371,0.011962835884488068,0.00011962821276611372,0.00011962835884488068,0.00011962833043278926,NonNecessary,False,True,True,1.1766327733427976e-08,1.4832920203699694e-05,1.4832938315731288e-05,-1.811203159396153e-11,False,0.03531589999329299
collective,114,0,2,2,Exponential,2,10.0,1,2,0;1,1;2,0.37464889883995056,0.12316053834106208,0.12316053834803593,0.12316053834451318,0.0012399182316865556,0.0012399182316765556,0.001239918231721783,99.32956480004108,99.32956480566553,99.32956479721902,99.32956480646664,0.9932956479721903,0.9932956480646664,0.9932956480282442,JointlyNecessary,True,True,True,2.7833318977953444e-09,2.9665840407399387e-05,2.9665876631462575e-05,0.12313087246443062,True,0.025564800016582012
collective,115,0,2,1,Exponential,1,5.0,1,1,0,1,0.26550543308258057,1.4946628405296388e-05,1.4946633285732508e-05,1.4946632285732508e-05,0.0012393782531823054,0.0012393782531723053,0.0012393782531923054,0.012059779463548345,0.012059783401358378,0.012059779463451041,0.012059783401455684,0.0001205977946345104,0.00012059783401455684,0.00012059782594502201,NonNecessary,False,True,True,3.130953870329949e-09,1.4946628405296388e-05,1.4946633285732508e-05,-4.880436119391327e-12,False,0.03100570000242442
collective,115,0,2,2,Exponential,2,10.0,1,2,0;1,1;2,0.37548136711120605,0.12263696697262423,0.12263696697557046,0.12263696697457045,0.0012393782531823054,0.0012393782531723053,0.0012393782531923054,98.95039440762645,98.95039441000364,98.95039440682807,98.95039441080202,0.9895039440682806,0.9895039441080202,0.9895039440919677,JointlyNecessary,True,True,True,1.5703170810973382e-09,2.9893256810592777e-05,2.9893266571465016e-05,0.12260707370605277,True,0.025417900003958493
collective,116,0,2,1,Exponential,1,5.0,1,1,0,1,0.2645852863788605,1.4822539394871272e-05,1.4822557150112756e-05,1.4822551502842365e-05,0.0012400028948678639,0.0012400028948530862,0.0012400028949243367,0.011953632895712538,0.011953647214422242,0.011953632895168138,0.011953647214564699,0.0001195363289516814,0.00011953647214564698,0.00011953642660182558,NonNecessary,False,True,True,9.76446996255106e-09,1.4822539394871272e-05,1.4822557150112756e-05,-1.775524148414859e-11,False,0.032767699973192066
collective,116,0,2,2,Exponential,2,10.0,1,2,0;1,1;2,0.3741801083087921,0.12294976857338201,0.12294976858086323,0.12294976857521596,0.0012400028948678639,0.0012400028948530862,0.0012400028949243367,99.15280769282694,99.15280769886017,99.15280768831127,99.15280770004182,0.9915280768831128,0.9915280770004181,0.9915280769430593,JointlyNecessary,True,True,True,1.478990466702926e-09,2.9645078789742544e-05,2.9645114300225512e-05,0.12292012345908178,True,0.02725720003945753
collective,117,0,2,1,Exponential,1,5.0,1,1,0,1,0.2648777663707733,1.4827335868948565e-05,1.4827355030787784e-05,1.4827347609705803e-05,0.0012398201233465283,0.001239820123333613,0.001239820123420739,0.01195926375910608,0.011959279214444203,0.011959263758390244,0.011959279214568783,0.00011959263758390245,0.00011959279214568783,0.00011959273228832387,NonNecessary,False,True,True,9.4697263503612e-09,1.4827335868948565e-05,1.4827355030787784e-05,-1.916183921943566e-11,False,0.037271799985319376
collective,117,0,2,2,Exponential,2,10.0,1,2,0;1,1;2,0.37459370493888855,0.1231190545532273,0.12311905456164839,0.12311905455422731,0.0012398201233465283,0.001239820123333613,0.001239820123420739,99.3039653372489,99.30396534404109,99.30396533130495,99.30396534507554,0.9930396533130496,0.9930396534507554,0.9930396533805548,JointlyNecessary,True,True,True,8.065686152123385e-10,2.965467173789713e-05,2.9654710061575568e-05,0.12308939984316573,True,0.02571309998165816
collective,118,0,2,1,Exponential,1,5.0,1,1,0,1,0.2644782066345215,1.4772778984428313e-05,1.4772809966757119e-05,1.4772798698122966e-05,0.0012401758977541365,0.0012401758977441365,0.0012401758978668228,0.011911841708245326,0.011911866690450561,0.011911841707162977,0.011911866690546611,0.00011911841707162978,0.00011911866690546611,0.00011911857604131295,NonNecessary,False,True,True,1.589588596812248e-08,1.4772778984428313e-05,1.4772809966757119e-05,-3.0982328805428017e-11,False,0.04131709999637678
collective,118,0,2,2,Exponential,2,10.0,1,2,0;1,1;2,0.37402865290641785,0.12332293555710257,0.12332293556970775,0.12332293555843911,0.0012401758977541365,0.0012401758977441365,0.0012401758978668228,99.43987444073937,99.4398744509034,99.43987443170396,99.43987445170522,0.9943987443170395,0.9943987445170523,0.9943987444181708,JointlyNecessary,True,True,True,1.0777056978098959e-09,2.9545557968856627e-05,2.9545619933514238e-05,0.12329338993716905,True,0.026473700010683388
collective,119,0,2,1,Exponential,1,5.0,1,1,0,1,0.2646389901638031,1.4824506462518061e-05,1.4824527782045322e-05,1.4824516814084887e-05,0.0012399469882402503,0.00123994698823025,0.00123994698834993,0.011955758272825199,0.011955775466727409,0.01195575827176765,0.011955775466823833,0.00011955758271767651,0.00011955775466823832,0.00011955766621219868,NonNecessary,False,True,True,8.348394674244934e-09,1.4824506462518061e-05,1.4824527782045322e-05,-2.131952726100591e-11,False,0.03507149999495596
collective,119,0,2,2,Exponential,2,10.0,1,2,0;1,1;2,0.37425604462623596,0.1230279673546013,0.12302796736724718,0.12302796735627922,0.0012399469882402503,0.00123994698823025,0.00123994698834993,99.22034451586053,99.22034452605925,99.22034450708398,99.22034452685948,0.9922034450708399,0.9922034452685947,0.9922034451721375,JointlyNecessary,True,True,True,1.353217552987413e-09,2.9649012925036123e-05,2.9649055564090645e-05,0.12299831829903721,True,0.02619319997029379
collective,120,0,2,1,Exponential,1,5.0,1,1,0,1,0.2647944390773773,1.4841190333269791e-05,1.484120151103118e-05,1.4841198125072367e-05,0.0012394258819599482,0.0012394258819499481,0.0012394258819938078,0.011974245938612231,0.011974254957111482,0.011974245938285109,0.011974254957208094,0.00011974245938285109,0.00011974254957208094,0.00011974252225234683,NonNecessary,False,True,True,6.2866225302439466e-09,1.4841190333269791e-05,1.484120151103118e-05,-1.1177761388803478e-11,False,0.042641500011086464
collective,120,0,2,2,Exponential,2,10.0,1,2,0;1,1;2,0.37447589635849,0.12308811040682624,0.12308811041332672,0.12308811040994076,0.0012394258819599482,0.0012394258819499481,0.0012394258819938078,99.31058581105523,99.31058581629998,99.31058580834218,99.31058581710124,0.9931058580834219,0.9931058581710125,0.9931058581356811,JointlyNecessary,True,True,True,2.5128723602232598e-09,2.9682380666539582e-05,2.968240302206236e-05,0.12305842800380418,True,0.02686280000489205
collective,121,0,2,1,Exponential,1,5.0,1,1,0,1,0.264786034822464,1.4780824099665723e-05,1.4780859551003198e-05,1.4780850515758344e-05,0.0012399421610793362,0.001239942161069336,0.0012399421611696887,0.011920575462003336,0.011920604053125235,0.011920575461134704,0.011920604053221375,0.00011920575461134705,0.00011920604053221374,0.00011920596766297561,NonNecessary,False,True,True,2.130429430474048e-08,1.4780824099665723e-05,1.4780859551003198e-05,-3.5451337474821996e-11,False,0.043121299997437745
collective,121,0,2,2,Exponential,2,10.0,1,2,0;1,1;2,0.3744640052318573,0.12351245476709277,0.12351245477870863,0.12351245476967339,0.0012399421610793362,0.001239942161069336,0.0012399421611696887,99.61146466668937,99.61146467605745,99.61146465943087,99.61146467686082,0.9961146465943087,0.9961146467686082,0.9961146466877063,JointlyNecessary,True,True,True,2.0812338014581745e-09,2.9561648199331447e-05,2.9561719102006396e-05,0.12348289304799076,True,0.03293879999546334
collective,122,0,2,1,Exponential,1,5.0,1,1,0,1,0.26471564173698425,1.4812907079725466e-05,1.4812919079721957e-05,1.4812908079725462e-05,0.0012404350482748245,0.0012404350482648244,0.0012404350483848244,0.01194170311482814,0.011941712788850579,0.011941703113769167,0.011941712788946849,0.00011941703113769168,0.0001194171278894685,0.00011941703920996909,NonNecessary,False,True,True,8.061687723116036e-10,1.4812907079725466e-05,1.4812919079721957e-05,-1.1999996491073744e-11,False,0.04415339999832213
collective,122,0,2,2,Exponential,2,10.0,1,2,0;1,1;2,0.37436443567276,0.1232313591005427,0.12323135911259905,0.12323135910159906,0.0012404350482748245,0.0012404350482648244,0.0012404350483848244,99.34527347637487,99.34527348609433,99.34527346756508,99.34527348689522,0.9934527346756508,0.9934527348689522,0.9934527347722648,JointlyNecessary,True,True,True,8.516053811955126e-10,2.9625814159450932e-05,2.9625838159443914e-05,0.12320173326238325,True,0.034948699991218746
collective,123,0,2,1,Exponential,1,5.0,1,1,0,1,0.2649024724960327,1.4895249843817956e-05,1.4895277493977865e-05,1.4895261421649965e-05,0.001239854914449939,0.0012398549144399388,0.0012398549146106622,0.012013703918273555,0.012013726219398942,0.01201370391671621,0.01201372621949584,0.00012013703916716211,0.0001201372621949584,0.00012013713256327448,NonNecessary,False,True,True,9.338053872264521e-09,1.4895249843817956e-05,1.4895277493977865e-05,-2.765015990894757e-11,False,0.04946639999980107
collective,123,0,2,2,Exponential,2,10.0,1,2,0;1,1;2,0.3746286630630493,0.12263304668447243,0.1226330467026292,0.12263304668655688,0.001239854914449939,0.0012398549144399388,0.0012398549146106622,98.90919111199274,98.90919112663701,98.90919109917108,98.90919112743478,0.9890919109917109,0.9890919112743477,0.9890919111367396,JointlyNecessary,True,True,True,1.681203021292197e-09,2.979049968763591e-05,2.979055498795573e-05,0.12260325612948447,True,0.03655409999191761
collective,124,0,2,1,Exponential,1,5.0,1,1,0,1,0.26517215371131897,1.4914363072225916e-05,1.4914385977727906e-05,1.4914365143897526e-05,0.00123962670250906,0.00123962670249906,0.0012396267027173983,0.01203133414441507,0.012031352622156752,0.012031334142393019,0.012031352622253808,0.0001203133414239302,0.00012031352622253808,0.00012031335815621092,NonNecessary,False,True,True,1.6712061041726304e-09,1.4914363072225916e-05,1.4914385977727906e-05,-2.2905501990237178e-11,False,0.03388709999853745
collective,124,0,2,2,Exponential,2,10.0,1,2,0;1,1;2,0.37501004338264465,0.12263036598535536,0.12263036600773962,0.12263036598690578,0.00123962670250906,0.00123962670249906,0.0012396267027173983,98.92523752283329,98.92523754089055,98.92523750620738,98.92523754168857,0.9892523750620738,0.9892523754168857,0.9892523752408401,JointlyNecessary,True,True,True,1.2507248808418246e-09,2.9828726144451832e-05,2.9828771955455813e-05,0.1226005372133999,True,0.030606399988755584
collective,125,0,2,1,Exponential,1,5.0,1,1,0,1,0.2644577920436859,1.4799467537639048e-05,1.4799475862360858e-05,1.4799474105968045e-05,0.0012402269518088428,0.0012402269517988427,0.0012402269518264066,0.011932870444441126,0.01193287715669794,0.011932870444272135,0.011932877156794157,0.00011932870444272135,0.00011932877156794158,0.00011932875740511323,NonNecessary,False,True,True,5.296070109822855e-09,1.4799467537639048e-05,1.4799475862360858e-05,-8.32472181026302e-12,False,0.036043600004632026
collective,125,0,2,2,Exponential,2,10.0,1,2,0;1,1;2,0.37399980425834656,0.12305144659143752,0.12305144659551441,0.12305144659375802,0.0012402269518088428,0.0012402269517988427,0.0012402269518264066,99.21687833986336,99.21687834315057,99.21687833845826,99.21687834395055,0.9921687833845827,0.9921687834395057,0.9921687834173439,JointlyNecessary,True,True,True,1.871029277207003e-09,2.9598935075278096e-05,2.9598951724721717e-05,0.1230218476397128,True,0.029634500038810074
collective,126,0,2,1,Exponential,1,5.0,1,1,0,1,0.26449674367904663,1.483630137280199e-05,1.483631165610572e-05,1.4836307496831442e-05,0.0012400334791051642,0.0012400334790951641,0.0012400334791467568,0.011964436140472753,0.011964444433235733,0.011964436140071448,0.011964444433332218,0.00011964436140071447,0.00011964444433332218,0.00011964441079072844,NonNecessary,False,True,True,4.938600156470041e-09,1.483630137280199e-05,1.483631165610572e-05,-1.0283303729212174e-11,False,0.04547529999399558
collective,126,0,2,2,Exponential,2,10.0,1,2,0;1,1;2,0.374054878950119,0.12274939683890564,0.12274939684666818,0.1227493968425089,0.0012400334791051642,0.0012400334790951641,0.0012400334791467568,98.98877643810418,98.98877644436413,98.98877643478396,98.98877644516242,0.9898877643478395,0.9898877644516242,0.9898877644100997,JointlyNecessary,True,True,True,2.905780363868109e-09,2.967260274560398e-05,2.967262331221144e-05,0.12271972421559342,True,0.02476919995388016
collective,127,0,2,1,Exponential,1,5.0,1,1,0,1,0.2642851173877716,1.484536044516491e-05,1.484537922519625e-05,1.484536629403426e-05,0.0012403112878475457,0.0012403112878375457,0.0012403112879768572,0.01196906017918112,0.01196907532056661,0.011969060177933257,0.011969075320663112,0.00011969060177933257,0.00011969075320663113,0.0001196906489482743,NonNecessary,False,True,True,4.7156463434045536e-09,1.484536044516491e-05,1.484537922519625e-05,-1.8780031339310195e-11,False,0.034951600013300776
collective,127,0,2,2,Exponential,2,10.0,1,2,0;1,1;2,0.3737556040287018,0.1224358865656606,0.12243588658180744,0.12243588656887629,0.0012403112878475457,0.0012403112878375457,0.0012403112879768572,98.71383721592795,98.71383722894635,98.71383720563632,98.71383722974223,0.9871383720563632,0.9871383722974223,0.9871383721852061,JointlyNecessary,True,True,True,2.5926528294012272e-09,2.969072089032982e-05,2.96907584503925e-05,0.1224061958072102,True,0.033898400026373565
collective,128,0,2,1,Exponential,1,5.0,1,1,0,1,0.26513057947158813,1.4898123005181079e-05,1.4898134120364639e-05,1.4898124005181075e-05,0.001240135671189167,0.001240135671179167,0.001240135671290319,0.01201330092448293,0.01201330988735999,0.012013300923503062,0.012013309887456863,0.00012013300923503062,0.00012013309887456863,0.00012013301730846313,NonNecessary,False,True,True,8.063633868712922e-10,1.4898123005181079e-05,1.4898134120364639e-05,-1.111518356027789e-11,False,0.04013930005021393
collective,128,0,2,2,Exponential,2,10.0,1,2,0;1,1;2,0.3749512732028961,0.12289690669367188,0.12289690670724089,0.1228969066971257,0.001240135671189167,0.001240135671179167,0.001240135671290319,99.09956591751445,99.099565928456,99.09956590943138,99.0995659292551,0.9909956590943138,0.9909956592925511,0.9909956592029948,JointlyNecessary,True,True,True,2.7850335423909084e-09,2.9796246010362158e-05,2.9796268240729278e-05,0.12286711042543115,True,0.03491290000965819
collective,129,0,2,1,Exponential,1,5.0,1,1,0,1,0.2649420499801636,1.480541068230425e-05,1.4805424033821126e-05,1.4805418294263923e-05,0.0012397052216876515,0.0012397052216776515,0.0012397052217450473,0.011942686392938764,0.011942697162851354,0.011942686392385842,0.01194269716294769,0.00011942686392385843,0.0001194269716294769,0.0001194269253307558,NonNecessary,False,True,True,6.140136859095408e-09,1.480541068230425e-05,1.4805424033821126e-05,-1.3351516876277227e-11,False,0.03278449998470023
collective,129,0,2,2,Exponential,2,10.0,1,2,0;1,1;2,0.3746846616268158,0.1233945431259957,0.12339454313273526,0.1233945431269957,0.0012397052216876515,0.0012397052216776515,0.0012397052217450473,99.53539032288228,99.5353903283187,99.535390318274,99.5353903291216,0.9953539031827401,0.995353903291216,0.9953539032368892,JointlyNecessary,True,True,True,8.066433717514451e-10,2.96108213646085e-05,2.961084806764225e-05,0.12336493227792805,True,0.029675999947357923
collective,100,2,4,1,Exponential,1,5.0,1,1,0,1,0.2537858188152313,1.359311270916915e-05,1.3593124968791586e-05,1.3593116766691372e-05,0.0005058408289748783,0.0005058408289648783,0.0005058408290568993,0.026872312258218733,0.026872336494345464,0.026872312253861448,0.02687233649487671,0.0002687231225386145,0.00026872336494876707,0.0002687232027956061,NonNecessary,False,True,True,8.021341822049748e-09,1.359311270916915e-05,1.3593124968791586e-05,-1.225962243676167e-11,False,0.13571860000956804
collective,100,2,4,2,Exponential,2,10.0,1,2,0;1,1;2,0.3589073419570923,0.04989134768050985,0.04989134769113164,0.04989134768292954,0.0005058408289748783,0.0005058408289648783,0.0005058408290568993,98.6305272779545,98.63052729895277,98.63052726196177,98.63052730090261,0.9863052726196178,0.9863052730090262,0.98630527282738,JointlyNecessary,True,True,True,4.783500983069229e-09,2.71862254183383e-05,2.7186249937583173e-05,0.04986416143057227,True,0.059981999977026135
collective,101,2,4,1,Exponential,1,5.0,1,1,0,1,0.25340360403060913,1.3622679979283302e-05,1.362268968398508e-05,1.3622684287500604e-05,0.0005009550848916591,0.0005009550848816592,0.000500955084945624,0.02719341591717641,0.027193435289575397,0.027193415914247027,0.027193435290118223,0.0002719341591424703,0.0002719343529011822,0.0002719342451718354,NonNecessary,False,True,True,8.600007165747514e-09,1.3622679979283302e-05,1.362268968398508e-05,-9.70470177912811e-12,False,0.15343129995744675
collective,101,2,4,2,Exponential,2,10.0,1,2,0;1,1;2,0.35836678743362427,0.04904990655745871,0.04904990656637712,0.04904990656098064,0.0005009550848916591,0.0005009550848816592,0.000500955084945624,97.91278307528641,97.91278309308923,97.91278306473886,97.91278309504375,0.9791278306473886,0.9791278309504374,0.9791278308231685,JointlyNecessary,True,True,True,7.030422289960056e-09,2.7245359958566603e-05,2.724537936797016e-05,0.04902266117809074,True,0.05458419997012243
collective,102,2,4,1,Exponential,1,5.0,1,1,0,1,0.2539032995700836,1.3638192460699024e-05,1.3638220538623752e-05,1.3638211573920554e-05,0.0004997178422917213,0.0004997178422817214,0.0004997178423813683,0.027291786097037994,0.027291842284594955,0.027291786092141973,0.027291842285141095,0.00027291786092141973,0.000272918422851411,0.00027291824345065,NonNecessary,False,True,True,3.8248027042710834e-08,1.3638192460699024e-05,1.3638220538623752e-05,-2.8077924728837716e-11,False,0.1358479000045918
collective,102,2,4,2,Exponential,2,10.0,1,2,0;1,1;2,0.3590734601020813,0.04915381125031414,0.04915381126316274,0.049153811254198036,0.0004997178422917213,0.0004997178422817214,0.0004997178423813683,98.3631303314952,98.3631303572069,98.36313031384931,98.36313035917526,0.9836313031384931,0.9836313035917527,0.9836313033926737,JointlyNecessary,True,True,True,7.77216985695969e-09,2.7276384921398047e-05,2.7276441077247505e-05,0.04912653480923689,True,0.058222000021487474
collective,103,2,4,1,Exponential,1,5.0,1,1,0,1,0.25423580408096313,1.3692785653695466e-05,1.3692794517979203e-05,1.3692789313514333e-05,0.0004995749598738007,0.0004995749598638008,0.0004995749599258453,0.027408871047408873,0.027408888791059877,0.027408871044553477,0.027408888791608514,0.0002740887104455348,0.0002740888879160852,0.0002740887837327418,NonNecessary,False,True,True,7.3258653735866935e-09,1.3692785653695466e-05,1.3692794517979203e-05,-8.864283737369458e-12,False,0.11657190002733842
collective,103,2,4,2,Exponential,2,10.0,1,2,0;1,1;2,0.35954371094703674,0.04909188921923905,0.049091889229145154,0.04909188922394069,0.0004995749598738007,0.0004995749598638008,0.0004995749599258453,98.26731354117571,98.26731356100478,98.26731353093844,98.26731356297178,0.9826731353093844,0.9826731356297179,0.98267313550587,JointlyNecessary,True,True,True,9.411279554195855e-09,2.738557130739093e-05,2.7385589035958406e-05,0.04906450363020309,True,0.053280499996617436
collective,104,2,4,1,Exponential,1,5.0,1,1,0,1,0.25355103611946106,1.3617259272116745e-05,1.3617285460880916e-05,1.3617279469835242e-05,0.0005061405904363824,0.0005061405904263825,0.0005061405904962929,0.026904104372218532,0.026904156114293098,0.026904104369033965,0.02690415611482465,0.0002690410436903396,0.0002690415611482465,0.0002690414427757068,NonNecessary,False,True,True,3.990535216909652e-08,1.3617259272116745e-05,1.3617285460880916e-05,-2.6188764171654788e-11,False,0.15752400003839284
collective,104,2,4,2,Exponential,2,10.0,1,2,0;1,1;2,0.35857531428337097,0.04976914380308825,0.04976914381215548,0.04976914380616443,0.0005061405904363824,0.0005061405904263825,0.0005061405904962929,98.33067085210155,98.330670870016,98.3306708404624,98.33067087195873,0.9833067084046241,0.9833067087195873,0.9833067085817925,JointlyNecessary,True,True,True,6.077711531303402e-09,2.723451854423349e-05,2.7234570921761832e-05,0.04974190923216649,True,0.059418799995910376
collective,105,2,4,1,Exponential,1,5.0,1,1,0,1,0.2537442147731781,1.3605461066027889e-05,1.360546772977826e-05,1.3605465643103803e-05,0.0005092255344849499,0.0005092255344749498,0.0005092255345058165,0.026717947441086142,0.026717960527135286,0.026717947439991313,0.026717960527659967,0.0002671794743999131,0.0002671796052765997,0.0002671795642939408,NonNecessary,False,True,True,8.98830798214839e-09,1.3605461066027889e-05,1.360546772977826e-05,-6.663750370529777e-12,False,0.13019370002439246
collective,105,2,4,2,Exponential,2,10.0,1,2,0;1,1;2,0.358848512172699,0.05016888495823721,0.05016888496264329,0.05016888496055662,0.0005092255344849499,0.0005092255344749498,0.0005092255345058165,98.5199711341654,98.51997114281791,98.51997113012833,98.51997114475262,0.9851997113012831,0.9851997114475263,0.9851997113872017,JointlyNecessary,True,True,True,4.554791572227643e-09,2.7210922132055778e-05,2.721093545955652e-05,0.05014167402277765,True,0.05972389999078587
collective,106,2,4,1,Exponential,1,5.0,1,1,0,1,0.2539617121219635,1.3698277265272946e-05,1.3698292803081074e-05,1.3698284631407558e-05,0.0005003947557870162,0.0005003947557770162,0.000500394755868733,0.02737494169723746,0.02737497274833851,0.027374941692767007,0.02737497274888558,0.00027374941692767007,0.0002737497274888558,0.0002737495641788456,NonNecessary,False,True,True,1.4720647081859583e-08,1.3698277265272946e-05,1.3698292803081074e-05,-1.5537808127803754e-11,False,0.10086559999035671
collective,106,2,4,2,Exponential,2,10.0,1,2,0;1,1;2,0.3591561019420624,0.04904491881291799,0.04904491882476578,0.04904491881659411,0.0005003947557870162,0.0005003947557770162,0.000500394755868733,98.01245565769489,98.01245568137178,98.012455641689,98.01245568333049,0.9801245564168901,0.9801245568333048,0.9801245566504133,JointlyNecessary,True,True,True,7.3464436168876284e-09,2.7396554530545892e-05,2.7396585606162148e-05,0.04901752222731183,True,0.05057710001710802
collective,107,2,4,1,Exponential,1,5.0,1,1,0,1,0.25427013635635376,1.367475214264296e-05,1.3674785856423248e-05,1.367476066062973e-05,0.0005081268909682498,0.0005081268909582499,0.0005081268912202079,0.0269120811862276,0.026912147535363785,0.026912081172883066,0.026912147535893417,0.0002691208117288307,0.00026912147535893417,0.00026912097949730816,NonNecessary,False,True,True,1.6763503198798736e-08,1.367475214264296e-05,1.3674785856423248e-05,-3.3713780289083665e-11,False,0.12207859999034554
collective,107,2,4,2,Exponential,2,10.0,1,2,0;1,1;2,0.3595922887325287,0.04972907992350674,0.0497290799503882,0.049729079925192404,0.0005081268909682498,0.0005081268909582499,0.0005081268912202079,97.86744375749649,97.86744381039954,97.86744370896827,97.86744381232556,0.9786744370896828,0.9786744381232557,0.9786744376081389,JointlyNecessary,True,True,True,3.3174090334942794e-09,2.734950428528592e-05,2.7349571712846496e-05,0.04970173035179389,True,0.05654110002797097
collective,108,2,4,1,Exponential,1,5.0,1,1,0,1,0.25393709540367126,1.3633641434739616e-05,1.3633665827149607e-05,1.36336495021762e-05,0.000498394575926613,0.0004983945759055589,0.0004983945760898629,0.027355115992970046,0.027355164934935245,0.027355115984009838,0.027355164936090835,0.00027355115984009843,0.0002735516493609084,0.0002735513217981672,NonNecessary,False,True,True,1.618684662528246e-08,1.3633641434739616e-05,1.3633665827149607e-05,-2.4392409990594893e-11,False,0.13669479999225587
collective,108,2,4,2,Exponential,2,10.0,1,2,0;1,1;2,0.35912126302719116,0.0490300551539739,0.04903005517514542,0.049030055158820446,0.000498394575926613,0.0004983945759055589,0.0004983945760898629,98.37598064308271,98.37598068556215,98.37598061085951,98.37598068971793,0.9837598061085953,0.9837598068971795,0.9837598065280702,JointlyNecessary,True,True,True,9.724314326953476e-09,2.7267282869479232e-05,2.7267331654299213e-05,0.0490027878223196,True,0.052792000002227724
collective,109,2,4,1,Exponential,1,5.0,1,1,0,1,0.253896027803421,1.3610193679774421e-05,1.361021343126925e-05,1.3610202514664055e-05,0.0005034128785833115,0.0005034128785733115,0.0005034128786924776,0.02703584723155235,0.027035886466732197,0.027035847225689573,0.02703588646726925,0.00027035847225689576,0.0002703588646726925,0.00027035864781539665,NonNecessary,False,True,True,1.754998741187601e-08,1.3610193679774421e-05,1.361021343126925e-05,-1.9751494829202713e-11,False,0.11930039996514097
collective,109,2,4,2,Exponential,2,10.0,1,2,0;1,1;2,0.35906320810317993,0.049398128746145756,0.04939812876035355,0.04939812874943694,0.0005034128785833115,0.0005034128785733115,0.0005034128786924776,98.12647003620646,98.1264700644294,98.12647001492753,98.12647006637863,0.9812647001492755,0.9812647006637863,0.9812647004274421,JointlyNecessary,True,True,True,6.537747503666281e-09,2.7220387359548842e-05,2.72204268625385e-05,0.049370908319283216,True,0.06948419997934252
collective,110,2,4,1,Exponential,1,5.0,1,1,0,1,0.25420165061950684,1.3675673444807726e-05,1.3675723675763024e-05,1.367568262533223e-05,0.0005081714940649857,0.0005081714940549858,0.0005081714944754901,0.026911532040911488,0.0269116308873755,0.02691153201917217,0.02691163088790507,0.0002691153201917217,0.0002691163088790507,0.0002691155010671134,NonNecessary,False,True,True,1.806579987302776e-08,1.3675673444807726e-05,1.3675723675763024e-05,-5.023095529846616e-11,False,0.11686100001679733
collective,110,2,4,2,Exponential,2,10.0,1,2,0;1,1;2,0.3594954311847687,0.04988061526488356,0.049880615308581226,0.04988061526753079,0.0005081714940649857,0.0005081714940549858,0.0005081714944754901,98.15705101023387,98.15705109622387,98.15705093094194,98.15705109815542,0.9815705093094194,0.9815705109815542,0.9815705101544319,JointlyNecessary,True,True,True,5.209318059951666e-09,2.735134688961545e-05,2.7351447351526048e-05,0.04985326381753204,True,0.05557029996998608
collective,111,2,4,1,Exponential,1,5.0,1,1,0,1,0.2538571059703827,1.3673561080988924e-05,1.3673583245754244e-05,1.3673567461884952e-05,0.0005039601972796056,0.0005039601972694629,0.0005039601974374443,0.02713222424072233,0.027132268221904652,0.027132224232224604,0.02713226822245072,0.00027132224232224604,0.00027132268222450714,0.00027132236902230246,NonNecessary,False,True,True,1.2661507840863347e-08,1.3673561080988924e-05,1.3673583245754244e-05,-2.216476532003399e-11,False,0.11793040001066402
collective,111,2,4,2,Exponential,2,10.0,1,2,0;1,1;2,0.35900816321372986,0.049545212329766206,0.04954521234900082,0.04954521233321695,0.0005039601972796056,0.0005039601972694629,0.0005039601974374443,98.311756756214,98.31175679438093,98.31175672542307,98.31175679635955,0.9831175672542307,0.9831175679635954,0.9831175676306124,JointlyNecessary,True,True,True,6.847254780658798e-09,2.7347122161977848e-05,2.7347166491508488e-05,0.0495178651632747,True,0.052458600024692714
collective,112,2,4,1,Exponential,1,5.0,1,1,0,1,0.2531925439834595,1.3575205034511658e-05,1.3575245718599432e-05,1.3575215950975246e-05,0.0004936732679473617,0.0004936732679373617,0.000493673268245038,0.02749835957485777,0.027498441985817437,0.02749835955827674,0.027498441986374453,0.0002749835955827674,0.0002749844198637445,0.00027498381687587577,NonNecessary,False,True,True,2.21127298800144e-08,1.3575205034511658e-05,1.3575245718599432e-05,-4.0684087773562865e-11,False,0.12101390003226697
collective,112,2,4,2,Exponential,2,10.0,1,2,0;1,1;2,0.3580683171749115,0.04842418083326055,0.04842418086616753,0.048424180836399905,0.0004936732679473617,0.0004936732679373617,0.000493673268245038,98.0895340649148,98.08953413157221,98.08953400576854,98.08953413355916,0.9808953400576855,0.9808953413355914,0.9808953407127399,JointlyNecessary,True,True,True,6.359186154768029e-09,2.7150410069023316e-05,2.7150491437198864e-05,0.04839703034182335,True,0.05390330002410337
collective,113,2,4,1,Exponential,1,5.0,1,1,0,1,0.2539307177066803,1.3603410280394455e-05,1.3603474780345627e-05,1.3603420562047588e-05,0.0005059667469420027,0.0005059667469320026,0.0005059667474841856,0.026885976919652724,0.026886104398289538,0.026885976890842298,0.026886104398820918,0.000268859768908423,0.0002688610439882092,0.00026885997240460755,NonNecessary,False,True,True,2.0320808111250143e-08,1.3603410280394455e-05,1.3603474780345627e-05,-6.449995117170746e-11,False,0.13168819999555126
collective,113,2,4,2,Exponential,2,10.0,1,2,0;1,1;2,0.3591122627258301,0.04993207774303884,0.04993207780023918,0.04993207774602088,0.0005059667469420027,0.0005059667469320026,0.0005059667474841856,98.6864809690001,98.68648108205169,98.68648086324983,98.68648108400215,0.9868648086324983,0.9868648108400215,0.9868648097489388,JointlyNecessary,True,True,True,5.893752499784529e-09,2.720682056078891e-05,2.7206949560691253e-05,0.04990487079347815,True,0.061965900007635355
collective,114,2,4,1,Exponential,1,5.0,1,1,0,1,0.25429388880729675,1.3664305637770013e-05,1.3664330260152442e-05,1.3664321749277757e-05,0.0005052880462117378,0.0005052880462017379,0.0005052880462968466,0.02704260617327977,0.027042654902678008,0.027042606168724816,0.027042654903213195,0.0002704260616872482,0.000270426549032132,0.00027042638059068206,NonNecessary,False,True,True,3.1885788353167354e-08,1.3664305637770013e-05,1.3664330260152442e-05,-2.462238242918887e-11,False,0.12226100004045293
collective,114,2,4,2,Exponential,2,10.0,1,2,0;1,1;2,0.3596258759498596,0.049733607261125246,0.04973360727268021,0.04973360726416934,0.0005052880462117378,0.0005052880462017379,0.0005052880462968466,98.42624941157759,98.42624943444567,98.42624939499905,98.42624943639358,0.9842624939499905,0.9842624943639358,0.9842624941760205,JointlyNecessary,True,True,True,6.024475107137561e-09,2.7328611275540026e-05,2.7328660520304884e-05,0.04970627860060494,True,0.056795199983753264
collective,115,2,4,1,Exponential,1,5.0,1,1,0,1,0.2540684938430786,1.368390589457692e-05,1.3683925063861222e-05,1.3683919356084545e-05,0.0004982737390191708,0.0004982737390031912,0.0004982737390762485,0.027462627112384185,0.027462665583776115,0.027462627109238316,0.027462665584656834,0.0002746262710923831,0.00027462665584656833,0.00027462654128673764,NonNecessary,False,True,True,2.701628962186774e-08,1.368390589457692e-05,1.3683925063861222e-05,-1.916928430192291e-11,False,0.13625250000040978
collective,115,2,4,2,Exponential,2,10.0,1,2,0;1,1;2,0.35930711030960083,0.04884845736292829,0.04884845737238592,0.048848457366678144,0.0004982737390191708,0.0004982737390031912,0.0004982737390762485,98.03538404228217,98.03538406126297,98.03538403105213,98.03538406440694,0.9803538403105213,0.9803538406440694,0.9803538404980787,JointlyNecessary,True,True,True,7.525687695223588e-09,2.736781178915384e-05,2.7367850127722444e-05,0.048821089512800564,True,0.05345489998580888
collective,116,2,4,1,Exponential,1,5.0,1,1,0,1,0.25410956144332886,1.3669467493047211e-05,1.3669479286380746e-05,1.3669471393838576e-05,0.0005059006535980796,0.0005059006535880797,0.0005059006536770051,0.027020062923079607,0.027020086234639796,0.02702006291886421,0.02702008623517389,0.0002702006291886421,0.0002702008623517389,0.00027020070633667324,NonNecessary,False,True,True,7.710587761577626e-09,1.3669467493047211e-05,1.3669479286380746e-05,-1.1793333535214598e-11,False,0.12428099999669939
collective,116,2,4,2,Exponential,2,10.0,1,2,0;1,1;2,0.35936516523361206,0.04967998981041415,0.049679989821044025,0.049679989813151484,0.0005059006535980796,0.0005059006535880797,0.0005059006536770051,98.20107852614709,98.20107854715887,98.20107851082676,98.20107854909996,0.9820107851082677,0.9820107854909997,0.982010785315579,JointlyNecessary,True,True,True,5.410809029039809e-09,2.7338934986094422e-05,2.7338958572761492e-05,0.04965265085184139,True,0.06043610000051558
collective,117,2,4,1,Exponential,1,5.0,1,1,0,1,0.25413963198661804,1.3646741405675213e-05,1.3646762321387167e-05,1.3646747623969322e-05,0.0004997833902615771,0.0004997833902398879,0.0004997833904085513,0.027305312004332054,0.027305353853886,0.027305311996302227,0.02730535385507098,0.00027305311996302225,0.0002730535385507098,0.0002730532444631038,NonNecessary,False,True,True,1.2441978281472601e-08,1.3646741405675213e-05,1.3646762321387167e-05,-2.0915711953804002e-11,False,0.12399769999319687
collective,117,2,4,2,Exponential,2,10.0,1,2,0;1,1;2,0.3594077229499817,0.04929739630024845,0.04929739631776126,0.049297396303063845,0.0004997833902615771,0.0004997833902398879,0.0004997833904085513,98.63752429717029,98.63752433221109,98.63752426816339,98.63752433649168,0.9863752426816338,0.9863752433649169,0.9863752430280351,JointlyNecessary,True,True,True,5.633223456514917e-09,2.7293482811350427e-05,2.7293524642774335e-05,0.04927010277560568,True,0.0576279999804683
collective,118,2,4,1,Exponential,1,5.0,1,1,0,1,0.2541140913963318,1.3635352496566672e-05,1.3635368911734064e-05,1.3635365340372118e-05,0.0005036738346141485,0.0005036738346041484,0.0005036738346498621,0.027071790431624,0.027071823022491864,0.027071790429704437,0.027071823023029355,0.00027071790429704444,0.0002707182302302935,0.00027071815931867536,NonNecessary,False,True,True,2.550024353805975e-08,1.3635352496566672e-05,1.3635368911734064e-05,-1.6415167392280468e-11,False,0.11823869997169822
collective,118,2,4,2,Exponential,2,10.0,1,2,0;1,1;2,0.3593715727329254,0.04962932278149587,0.04962932278687223,0.04962932278330087,0.0005036738346141485,0.0005036738346041484,0.0005036738346498621,98.5346455797443,98.5346455904186,98.5346455727576,98.53464559237493,0.985346455727576,0.9853464559237491,0.9853464558332798,JointlyNecessary,True,True,True,3.5836687841741596e-09,2.7270704993133344e-05,2.727073782346813e-05,0.04960205204367241,True,0.05488559999503195
collective,119,2,4,1,Exponential,1,5.0,1,1,0,1,0.2536558210849762,1.3617309853775398e-05,1.3617320597705574e-05,1.3617316449256829e-05,0.0005023818547289097,0.0005023818547189097,0.0005023818547703941,0.027105496995156075,0.027105518381139816,0.027105496992917828,0.027105518381679357,0.00027105496992917827,0.00027105518381679357,0.00027105510123578947,NonNecessary,False,True,True,1.3128422787341661e-08,1.3617309853775398e-05,1.3617320597705574e-05,-1.0743930176543336e-11,False,0.11790680000558496
collective,119,2,4,2,Exponential,2,10.0,1,2,0;1,1;2,0.3587234914302826,0.049196454117413795,0.04919645412386024,0.0491964541197118,0.0005023818547289097,0.0005023818547189097,0.0005023818547703941,97.92641524435768,97.92641525718946,97.92641523627138,97.92641525913871,0.9792641523627137,0.9792641525913871,0.9792641524893191,JointlyNecessary,True,True,True,4.574219994323418e-09,2.7234619707550796e-05,2.723464119541115e-05,0.049169219476218384,True,0.05311679997248575
collective,120,2,4,1,Exponential,1,5.0,1,1,0,1,0.253803551197052,1.3631736456677602e-05,1.3631830162664637e-05,1.3631744833378302e-05,0.0004975715741778009,0.0004975715741617264,0.0004975715750310937,0.027396533813658884,0.027396722140307545,0.027396533766676164,0.02739672214119262,0.0002739653376667616,0.0002739672214119262,0.00027396550648826196,NonNecessary,False,True,True,1.683516723445258e-08,1.3631736456677602e-05,1.3631830162664637e-05,-9.370598703451263e-11,False,0.10708009998779744
collective,120,2,4,2,Exponential,2,10.0,1,2,0;1,1;2,0.35893240571022034,0.048772428235426095,0.04877242832405142,0.04877242823872213,0.0004975715741778009,0.0004975715741617264,0.0004975715750310937,98.02092958388712,98.02092976200285,98.0209294157896,98.0209297651695,0.9802092941578959,0.980209297651695,0.9802092959051137,JointlyNecessary,True,True,True,6.624249165340361e-09,2.7263472913355204e-05,2.7263660325329273e-05,0.048745164575100766,True,0.05500569997821003
collective,121,2,4,1,Exponential,1,5.0,1,1,0,1,0.25406429171562195,1.3605378508532002e-05,1.3605392020220626e-05,1.3605385248206142e-05,0.0005028023281286468,0.0005028023281186467,0.0005028023281963669,0.027059100062581526,0.027059126935346164,0.02705910005893706,0.027059126935884335,0.0002705910005893706,0.0002705912693588433,0.0002705911346680375,NonNecessary,False,True,True,1.3404222326640055e-08,1.3605378508532002e-05,1.3605392020220626e-05,-1.3511688624646143e-11,False,0.11650119995465502
collective,121,2,4,2,Exponential,2,10.0,1,2,0;1,1;2,0.3593011796474457,0.04950157426288398,0.04950157427201033,0.04950157426523832,0.0005028023281286468,0.0005028023281186467,0.0005028023281963669,98.45136248099975,98.45136249915072,98.45136246773978,98.45136250110878,0.9845136246773979,0.9845136250110879,0.9845136248568219,JointlyNecessary,True,True,True,4.682431721038166e-09,2.7210757017064003e-05,2.7210784040441253e-05,0.049474363478843535,True,0.05645089998142794
collective,122,2,4,1,Exponential,1,5.0,1,1,0,1,0.2542368769645691,1.3660343041750796e-05,1.3660357092470486e-05,1.3660348243753036e-05,0.0005026629191209241,0.000502662919110924,0.0005026629192094112,0.02717595136247671,0.02717597931504523,0.02717595135769274,0.027175979315585873,0.0002717595135769274,0.0002717597931558587,0.00027175961711364686,NonNecessary,False,True,True,1.034888799598058e-08,1.3660343041750796e-05,1.3660357092470486e-05,-1.4050719690793549e-11,False,0.10919129999820143
collective,122,2,4,2,Exponential,2,10.0,1,2,0;1,1;2,0.3595452308654785,0.04944301982147077,0.049443019834938706,0.049443019826089986,0.0005026629191209241,0.000502662919110924,0.0005026629192094112,98.36217859065195,98.36217861744512,98.36217857333659,98.36217861940194,0.9836217857333658,0.9836217861940195,0.9836217859984144,JointlyNecessary,True,True,True,9.189486152918555e-09,2.732068608350159e-05,2.7320714184940973e-05,0.04941569910728583,True,0.055671799986157566
collective,123,2,4,1,Exponential,1,5.0,1,1,0,1,0.2540249228477478,1.3694310293010329e-05,1.3694326354104592e-05,1.3694314019942503e-05,0.0005036874550194746,0.0005036874550094746,0.0005036874551428163,0.02718811071536584,0.02718814260239043,0.02718811070870809,0.027188142602930215,0.0002718811070870809,0.00027188142602930214,0.00027188118114661054,NonNecessary,False,True,True,7.3992952149843946e-09,1.3694310293010329e-05,1.3694326354104592e-05,-1.6061094262618592e-11,False,0.1237884999718517
collective,123,2,4,2,Exponential,2,10.0,1,2,0;1,1;2,0.35924550890922546,0.04960867570806043,0.04960867572243619,0.04960867571010203,0.0005036874550194746,0.0005036874550094746,0.0005036874551428163,98.49098923089588,98.49098925943692,98.49098920677767,98.49098926139233,0.9849098920677767,0.9849098926139231,0.9849098923494919,JointlyNecessary,True,True,True,4.0533178026954635e-09,2.7388620586020658e-05,2.7388652708209183e-05,0.04958128705535222,True,0.05714150000130758
collective,124,2,4,1,Exponential,1,5.0,1,1,0,1,0.25398626923561096,1.3679772199796675e-05,1.3679784801075257e-05,1.3679778583348132e-05,0.0004983621373804899,0.0004983621373528317,0.0004983621374426672,0.02744946129274751,0.027449486578132648,0.027449461289322828,0.027449486579656047,0.00027449461289322827,0.00027449486579656044,0.0002744947410180939,NonNecessary,False,True,True,1.2809061934726394e-08,1.3679772199796675e-05,1.3679784801075257e-05,-1.2601278581800962e-11,False,0.1486121999914758
collective,124,2,4,2,Exponential,2,10.0,1,2,0;1,1;2,0.35919082164764404,0.04900692267243351,0.049006922681098755,0.04900692267488103,0.0004983621373804899,0.0004983621373528317,0.0004983621374426672,98.33596695372078,98.33596697110822,98.33596694145207,98.33596697656569,0.9833596694145206,0.9833596697656569,0.9833596695863189,JointlyNecessary,True,True,True,4.91111660883504e-09,2.735954439959335e-05,2.7359569602150515e-05,0.048979563102831365,True,0.05572340002981946
collective,125,2,4,1,Exponential,1,5.0,1,1,0,1,0.2537138760089874,1.3618823206975749e-05,1.3618886736306425e-05,1.3618832336778999e-05,0.0005009471556812535,0.0005009471556671573,0.0005009471562252488,0.0271861473860553,0.027186274204483062,0.027186147356532953,0.027186274205248065,0.0002718614735653295,0.00027186274205248065,0.0002718616561113782,NonNecessary,False,True,True,1.82250825595109e-08,1.3618823206975749e-05,1.3618886736306425e-05,-6.35293306761091e-11,False,0.10781839996343479
collective,125,2,4,2,Exponential,2,10.0,1,2,0;1,1;2,0.3588055968284607,0.049234039721963635,0.049234039778549524,0.04923403972415,0.0005009471556812535,0.0005009471556671573,0.0005009471562252488,98.28190291849994,98.28190303145773,98.28190281177233,98.2819030342233,0.9828190281177233,0.9828190303422332,0.9828190292286438,JointlyNecessary,True,True,True,4.364460142903917e-09,2.7237646413951497e-05,2.723777347261285e-05,0.04920680194849102,True,0.053244899958372116
collective,126,2,4,1,Exponential,1,5.0,1,1,0,1,0.2535688579082489,1.3633046695802806e-05,1.3633057908755578e-05,1.3633051402519702e-05,0.000502444577768498,0.0005024445777584981,0.0005024445778335603,0.027133433813438926,0.027133456130234185,0.027133433809925375,0.02713345613077421,0.00027133433809925375,0.0002713345613077421,0.00027133443181072897,NonNecessary,False,True,True,9.367633931770857e-09,1.3633046695802806e-05,1.3633057908755578e-05,-1.1212952771895586e-11,False,0.10264600004302338
collective,126,2,4,2,Exponential,2,10.0,1,2,0;1,1;2,0.3586004972457886,0.04941339038747567,0.04941339039700174,0.049413390390495505,0.000502444577768498,0.0005024445777584981,0.0005024445778335603,98.3459521186095,98.34595213756894,98.34595210587453,98.34595213952628,0.9834595210587453,0.9834595213952628,0.9834595212461978,JointlyNecessary,True,True,True,6.01028266095517e-09,2.7266093391605612e-05,2.7266115817511156e-05,0.04938612427165816,True,0.056458699982613325
collective,127,2,4,1,Exponential,1,5.0,1,1,0,1,0.2541232407093048,1.3722541425941598e-05,1.3722607029835022e-05,1.372255468224965e-05,0.0005014949290447217,0.0005014949290347217,0.0005014949295681975,0.02736327055605754,0.027363401372721127,0.027363270527494918,0.027363401373266764,0.00027363270527494917,0.00027363401373266765,0.0002736329698964098,NonNecessary,False,True,True,2.643358350497233e-08,1.3722541425941598e-05,1.3722607029835022e-05,-6.56038934233118e-11,False,0.11064249998889863
collective,127,2,4,2,Exponential,2,10.0,1,2,0;1,1;2,0.3593845069408417,0.04893510362398424,0.048935103678584925,0.04893510362623734,0.0005014949290447217,0.0005014949290347217,0.0005014949295681975,97.57846149551068,97.57846160438653,97.57846139365529,97.5784616063323,0.9757846139365529,0.9757846160633229,0.9757846150000345,JointlyNecessary,True,True,True,4.492767139530225e-09,2.7445082851883197e-05,2.7445214059670043e-05,0.04890765840992457,True,0.05422649998217821
collective,128,2,4,1,Exponential,1,5.0,1,1,0,1,0.2540864050388336,1.3680311184115766e-05,1.3680339535448747e-05,1.3680324622451822e-05,0.0005043013717105588,0.0005043013716993626,0.0005043013718596887,0.027127253566082924,0.027127309785111013,0.027127253558060963,0.027127309785713278,0.0002712725355806096,0.00027127309785713276,0.00027127280213514024,NonNecessary,False,True,True,2.6647431032709106e-08,1.3680311184115766e-05,1.3680339535448747e-05,-2.835133298139151e-11,False,0.126639099966269
collective,128,2,4,2,Exponential,2,10.0,1,2,0;1,1;2,0.35933244228363037,0.04942504355547183,0.04942504357249003,0.049425043557577035,0.0005043013717105588,0.0005043013716993626,0.0005043013718596887,98.00695839439256,98.00695842813865,98.00695836541034,98.00695843031454,0.9800695836541033,0.9800695843031454,0.9800695839856706,JointlyNecessary,True,True,True,4.174493858675675e-09,2.736062236823153e-05,2.7360679070897494e-05,0.04939768287640093,True,0.05881270003737882
collective,129,2,4,1,Exponential,1,5.0,1,1,0,1,0.25401559472084045,1.3606445607996023e-05,1.3606468900661732e-05,1.3606461007178278e-05,0.0005042114181803475,0.0005042114181703476,0.0005042114182592824,0.026985595957149146,0.026985642153377294,0.026985595952924518,0.026985642153912495,0.00026985595952924523,0.00026985642153912496,0.0002698562649827078,NonNecessary,False,True,True,3.0541121569281815e-08,1.3606445607996023e-05,1.3606468900661732e-05,-2.329266570881604e-11,False,0.11310729995602742
collective,129,2,4,2,Exponential,2,10.0,1,2,0;1,1;2,0.3592323064804077,0.049526396167153056,0.04952639617866749,0.049526396170774006,0.0005042114181803475,0.0005042114181703476,0.0005042114182592824,98.22545539704208,98.2254554198786,98.22545538166476,98.22545542182668,0.9822545538166477,0.9822545542182669,0.9822545540422348,JointlyNecessary,True,True,True,7.181412284412277e-09,2.7212891215992047e-05,2.7212937801323464e-05,0.049499183229351734,True,0.05347669997718185
collective,100,4,6,1,Exponential,1,5.0,1,1,0,1,0.24262739717960358,1.241925399435821e-05,1.2419267055598268e-05,1.2419263235932242e-05,0.00017775915544900194,0.00017775914223037637,0.0001777591554871986,0.06986562218406366,0.06986569566123577,0.06986562216905103,0.06986570085662802,0.0006986562216905102,0.0006986570085662802,0.000698656741733635,NonNecessary,False,True,True,5.1989299862537054e-08,1.241925399435821e-05,1.2419267055598268e-05,-1.3061240057446553e-11,False,0.15623480000067502
collective,100,4,6,2,Exponential,2,10.0,1,2,0;1,1;2,0.34312695264816284,0.017227242011990575,0.017227242019965727,0.01722724201614606,0.00017775915544900194,0.00017775914223037637,0.0001777591554871986,96.91338805293194,96.91338809779687,96.9133880321073,96.91339530452488,0.9691338803210731,0.9691339530452487,0.9691338807630898,JointlyNecessary,True,True,True,2.3377058802809996e-08,2.483850798871642e-05,2.4838534111196536e-05,0.01720240347787938,True,0.0919867999618873
collective,101,4,6,1,Exponential,1,5.0,1,1,0,1,0.24221356213092804,1.2441198995064538e-05,1.2441211951297647e-05,1.244120464346496e-05,0.0001776956936644965,0.00017769567898041813,0.0001776956937375748,0.07001407146396302,0.07001414437643963,0.07001407143516936,0.07001415016213565,0.0007001407143516936,0.0007001415016213566,0.0007001410325089216,NonNecessary,False,True,True,3.178692917791485e-08,1.2441198995064538e-05,1.2441211951297647e-05,-1.2956233108536762e-11,False,0.14872379996813834
collective,101,4,6,2,Exponential,2,10.0,1,2,0;1,1;2,0.3425416946411133,0.017068076659254944,0.017068076670854988,0.017068076663547156,0.0001776956936644965,0.00017769567898041813,0.0001776956937375748,96.0522807687215,96.05228083400189,96.05228072921949,96.05228877138804,0.960522807292195,0.9605228877138804,0.9605228079287637,JointlyNecessary,True,True,True,2.41548574108149e-08,2.4882397990129076e-05,2.4882423902595294e-05,0.01704319423535235,True,0.09934739995514974
collective,102,4,6,1,Exponential,1,5.0,1,1,0,1,0.2426508069038391,1.2451281166802805e-05,1.2451333294163385e-05,1.2451301762322127e-05,0.00018149623499927895,0.00018149622362852288,0.00018149623531459736,0.06860352319072774,0.06860381039977415,0.06860352307154095,0.06860381469780953,0.0006860352307154095,0.0006860381469780954,0.0006860363666701733,NonNecessary,False,True,True,1.1347628956056529e-07,1.2451281166802805e-05,1.2451333294163385e-05,-5.212736057926893e-11,False,0.14295740000670776
collective,102,4,6,2,Exponential,2,10.0,1,2,0;1,1;2,0.34316006302833557,0.017342624878836206,0.017342624915993234,0.017342624884461394,0.00018149623499927895,0.00018149622362852288,0.00018149623531459736,95.55363437101109,95.55363457573725,95.55363420500312,95.55364056218174,0.9555363420500314,0.9555364056218175,0.9555363440200451,JointlyNecessary,True,True,True,3.099341855338348e-08,2.490256233360561e-05,2.490266658832677e-05,0.01731772221224788,True,0.08815230004256591
collective,103,4,6,1,Exponential,1,5.0,1,1,0,1,0.24294109642505646,1.2498181704958752e-05,1.2498187611136453e-05,1.2498185366525787e-05,0.00017577235286010052,0.00017577232598803942,0.00017577235288254663,0.07110436596878358,0.07110439957007302,0.07110436595970357,0.07110441044050872,0.0007110436595970357,0.0007110441044050872,0.0007110438680008598,NonNecessary,False,True,True,2.0831302543508064e-08,1.2498181704958752e-05,1.2498187611136453e-05,-5.906177700772466e-12,False,0.1540588999632746
collective,103,4,6,2,Exponential,2,10.0,1,2,0;1,1;2,0.3435705900192261,0.01709887409652815,0.017098874101943006,0.017098874099698395,0.00017577235286010052,0.00017577232598803942,0.00017577235288254663,97.27851859693409,97.27851862774017,97.27851858451164,97.2785334996734,0.9727851858451163,0.972785334996734,0.9727851861497018,JointlyNecessary,True,True,True,1.8036083077762852e-08,2.4996363409917504e-05,2.4996375222272906e-05,0.017073877721305877,True,0.09120049997000024
collective,104,4,6,1,Exponential,1,5.0,1,1,0,1,0.24218887090682983,1.2419842847291476e-05,1.2419886418870623e-05,1.2419880476074487e-05,0.00017873025341313243,0.0001787302394903758,0.00017873025347256037,0.0694893148200444,0.06948955860406146,0.06948931479693916,0.06948956401717016,0.0006948931479693917,0.0006948956401717016,0.0006948952535397637,NonNecessary,False,True,True,2.1053393203520874e-07,1.2419842847291476e-05,1.2419886418870623e-05,-4.357157914668347e-11,False,0.19586849998449907
collective,104,4,6,2,Exponential,2,10.0,1,2,0;1,1;2,0.3425067961215973,0.017168565350319524,0.01716856536302897,0.017168565357086177,0.00017873025341313243,0.0001787302394903758,0.00017873025347256037,96.0585296694826,96.05852974059225,96.05852963754306,96.05853722337488,0.9605852963754306,0.9605853722337488,0.9605852970734218,JointlyNecessary,True,True,True,3.7859576606349806e-08,2.4839685694582952e-05,2.4839772837741246e-05,0.017143725577481783,True,0.08479620004072785
collective,105,4,6,1,Exponential,1,5.0,1,1,0,1,0.24232973158359528,1.2404247907123092e-05,1.2404261943331297e-05,1.240425228557821e-05,0.00018237224084195408,0.00018237222342255054,0.0001823722409385316,0.0680160963634414,0.06801617332805038,0.06801609632742261,0.06801617982466016,0.0006801609632742261,0.0006801617982466016,0.0006801612037178334,NonNecessary,False,True,True,2.4008341788886543e-08,1.2404247907123092e-05,1.2404261943331297e-05,-1.4036208205450641e-11,False,0.15879040001891553
collective,105,4,6,2,Exponential,2,10.0,1,2,0;1,1;2,0.34270599484443665,0.01755783015381645,0.017557830169656716,0.017557830159998962,0.00018237224084195408,0.00018237222342255054,0.0001823722409385316,96.27468562516744,96.27468571202422,96.27468557418395,96.2746949077645,0.9627468557418395,0.9627469490776449,0.9627468565906795,JointlyNecessary,True,True,True,3.390051565937567e-08,2.4808495814246183e-05,2.4808523886662594e-05,0.017533021629929788,True,0.09061139996629208
collective,106,4,6,1,Exponential,1,5.0,1,1,0,1,0.24226003885269165,1.2460941568918319e-05,1.2460994135412491e-05,1.2460947913905734e-05,0.0001810937631313179,0.00018109375070820614,0.00018109376359353298,0.0688093358570412,0.06880962612929167,0.06880933568141553,0.06880963084966261,0.0006880933568141555,0.000688096308496626,0.0006880937089407011,NonNecessary,False,True,True,3.503702901390707e-08,1.2460941568918319e-05,1.2460994135412491e-05,-5.25664941720391e-11,False,0.14766550000058487
collective,106,4,6,2,Exponential,2,10.0,1,2,0;1,1;2,0.34260743856430054,0.017436697137976378,0.017436697190092783,0.017436697143871277,0.0001810937631313179,0.00018109375070820614,0.00018109376359353298,96.2854647033447,96.28546499113156,96.2854644575903,96.28547159635725,0.962854644575903,0.9628547159635725,0.9628546473589634,JointlyNecessary,True,True,True,3.255163287090349e-08,2.4921883137836638e-05,2.4921988270824982e-05,0.017411775149705554,True,0.088648299977649
collective,107,4,6,1,Exponential,1,5.0,1,1,0,1,0.24231185019016266,1.2414039779299788e-05,1.2414050631445351e-05,1.241404769308053e-05,0.0001792298594736725,0.0001792298395114186,0.00017922985950305614,0.06926323446190792,0.0692632950106669,0.06926323445055264,0.0692633027250714,0.0006926323445055264,0.0006926330272507141,0.0006926327861627353,NonNecessary,False,True,True,4.415436559544734e-08,1.2414039779299788e-05,1.2414050631445351e-05,-1.0852145562590516e-11,False,0.18332759995246306
collective,107,4,6,2,Exponential,2,10.0,1,2,0;1,1;2,0.3426807224750519,0.01722600945631438,0.017226009463278617,0.017226009460340252,0.0001792298594736725,0.0001792298395114186,0.00017922985950305614,96.11127022528714,96.11127026414361,96.11127020953029,96.11128096882082,0.9611127020953029,0.9611128096882082,0.9611127024774921,JointlyNecessary,True,True,True,2.246206208748117e-08,2.4828079558599577e-05,2.4828101262890702e-05,0.017201181355051488,True,0.10454560001380742
collective,108,4,6,1,Exponential,1,5.0,1,1,0,1,0.24238722026348114,1.2416834634129182e-05,1.2416860242435051e-05,1.2416854401006011e-05,0.00017916052716201815,0.00017916051221915174,0.00017916052722043244,0.06930563797069211,0.06930578090566934,0.0693056379480954,0.06930578668611177,0.0006930563794809541,0.0006930578668611178,0.0006930574830122722,NonNecessary,False,True,True,1.103305351657372e-07,1.2416834634129182e-05,1.2416860242435051e-05,-2.560830586924572e-11,False,0.19817950000287965
collective,108,4,6,2,Exponential,2,10.0,1,2,0;1,1;2,0.3427872955799103,0.017159074711263066,0.017159074721070235,0.017159074715228807,0.00017916052716201815,0.00017916051221915174,0.00017916052722043244,95.77486170123734,95.77486175597691,95.77486167001048,95.77486974407064,0.9577486167001049,0.9577486974407065,0.9577486172337247,JointlyNecessary,True,True,True,2.2135118263498596e-08,2.4833669268258364e-05,2.4833720484870103e-05,0.017134240990778194,True,0.08951700001489371
collective,109,4,6,1,Exponential,1,5.0,1,1,0,1,0.2426615208387375,1.2427553115387823e-05,1.2427566209233726e-05,1.2427561324153847e-05,0.00018039963624621495,0.00018039960850633224,0.00018039963629506574,0.06888901426844518,0.0688890868508859,0.06888901424979059,0.06888909744389775,0.0006888901424979059,0.0006888909744389775,0.0006888905977167454,NonNecessary,False,True,True,4.550322948888476e-08,1.2427553115387823e-05,1.2427566209233726e-05,-1.3093845902960354e-11,False,0.14250380004523322
collective,109,4,6,2,Exponential,2,10.0,1,2,0;1,1;2,0.3431752026081085,0.017369874445791394,0.0173698744559747,0.01736987445108962,0.00018039963624621495,0.00018039960850633224,0.00018039963629506574,96.28552921295504,96.28552926940364,96.28552918688169,96.28554407514136,0.9628552918688169,0.9628554407514136,0.9628552924232443,JointlyNecessary,True,True,True,2.9369392772798896e-08,2.4855106230775646e-05,2.4855132418467452e-05,0.017345019313372928,True,0.0866260000038892
collective,110,4,6,1,Exponential,1,5.0,1,1,0,1,0.24240005016326904,1.2430426918716376e-05,1.243045222093457e-05,1.2430442743422776e-05,0.00018026539163564528,0.00018026537734163145,0.0001802653917304204,0.06895625835845914,0.06895639871939012,0.06895625832220517,0.06895640418723831,0.0006895625832220517,0.0006895640418723831,0.0006895634614406379,NonNecessary,False,True,True,8.778560465072154e-08,1.2430426918716376e-05,1.243045222093457e-05,-2.5302218192814127e-11,False,0.1459177999640815
collective,110,4,6,2,Exponential,2,10.0,1,2,0;1,1;2,0.3428054451942444,0.017281744910016758,0.01728174492433609,0.017281744914858576,0.00018026539163564528,0.00018026537734163145,0.0001802653917304204,95.8683458494731,95.86834592890781,95.86834579907,95.86835353071957,0.9586834579907001,0.9586835353071956,0.958683458763325,JointlyNecessary,True,True,True,2.6859394404489793e-08,2.4860853837432753e-05,2.486090444186914e-05,0.017256884005574888,True,0.087990699976217
collective,111,4,6,1,Exponential,1,5.0,1,1,0,1,0.2431899756193161,1.254392840456791e-05,1.2543936433127069e-05,1.2543932727452896e-05,0.00017799893438869352,0.00017799891995452102,0.00017799893442575025,0.07047192977670264,0.0704719748812376,0.07047192976203143,0.07047198059590509,0.0007047192976203143,0.0007047198059590509,0.0007047195406271874,NonNecessary,False,True,True,2.428601603782148e-08,1.254392840456791e-05,1.2543936433127069e-05,-8.02855915938165e-12,False,0.14204599999357015
collective,111,4,6,2,Exponential,2,10.0,1,2,0;1,1;2,0.34392255544662476,0.017181026254490087,0.01718102626179035,0.017181026258084674,0.00017799893438869352,0.00017799891995452102,0.00017799893442575025,96.52319725112594,96.52319729213887,96.52319723103123,96.52320511933513,0.9652319723103123,0.9652320511933514,0.9652319727132036,JointlyNecessary,True,True,True,2.01944194671167e-08,2.508785680913582e-05,2.5087872866254138e-05,0.017155938381623832,True,0.09024079999653623
collective,112,4,6,1,Exponential,1,5.0,1,1,0,1,0.242275208234787,1.2425312885900068e-05,1.2425331981184053e-05,1.2425326928594321e-05,0.0001771053508806812,0.00017710532595103127,0.0001771053509312071,0.0701577497467663,0.07015785756555264,0.07015774972675118,0.07015786744109319,0.0007015774972675119,0.0007015786744109318,0.0007015782903682831,NonNecessary,False,True,True,7.929006192818498e-08,1.2425312885900068e-05,1.2425331981184053e-05,-1.9095283985075913e-11,False,0.14983559999382123
collective,112,4,6,2,Exponential,2,10.0,1,2,0;1,1;2,0.3426288962364197,0.01701943190718966,0.017019431916743072,0.01701943191169048,0.0001771053508806812,0.00017710532595103127,0.0001771053509312071,96.09778486397023,96.0977849179122,96.09778483655475,96.09779844480148,0.9609778483655476,0.9609779844480147,0.9609778488938348,JointlyNecessary,True,True,True,2.541324339245899e-08,2.4850625771800135e-05,2.4850663962368106e-05,0.016994581243227294,True,0.08947629999602214
collective,113,4,6,1,Exponential,1,5.0,1,1,0,1,0.2428111582994461,1.2433206448296888e-05,1.2433227327462502e-05,1.243321571623335e-05,0.00018062069826304904,0.00018062068608359964,0.00018062069837916132,0.06883600034692394,0.06883611594367345,0.06883600030267262,0.06883612058536766,0.0006883600030267262,0.0006883612058536765,0.0006883605165852085,NonNecessary,False,True,True,5.131159703496396e-08,1.2433206448296888e-05,1.2433227327462502e-05,-2.0879165614457818e-11,False,0.20654909999575466
collective,113,4,6,2,Exponential,2,10.0,1,2,0;1,1;2,0.34338682889938354,0.01749009190284522,0.017490091918577137,0.017490091906965908,0.00018062069826304904,0.00018062068608359964,0.00018062069837916132,96.83326479766635,96.83326488476553,96.83326473541695,96.83327141433794,0.9683326473541694,0.9683327141433795,0.9683326482048038,JointlyNecessary,True,True,True,2.2814041084335293e-08,2.4866412896593776e-05,2.4866454654925005e-05,0.017465225448190295,True,0.08567800000309944
collective,114,4,6,1,Exponential,1,5.0,1,1,0,1,0.2419119030237198,1.2361458349304758e-05,1.236146745029891e-05,1.2361466186172957e-05,0.00017518401100919615,0.000175183992306211,0.0001751840110218374,0.07056270876601776,0.07056276071707254,0.07056270876092596,0.07056276825049068,0.0007056270876092597,0.0007056276825049069,0.0007056275350108322,NonNecessary,False,True,True,4.473506559612434e-08,1.2361458349304758e-05,1.236146745029891e-05,-9.100994151958188e-12,False,0.1397506999783218
collective,114,4,6,2,Exponential,2,10.0,1,2,0;1,1;2,0.3421151041984558,0.016744517915505103,0.01674451792236452,0.016744517921100394,0.00017518401100919615,0.000175183992306211,0.0001751840110218374,95.58245537959576,95.58245541875124,95.58245537269853,95.58246562332086,0.9558245537269854,0.9558246562332087,0.9558245541153526,JointlyNecessary,True,True,True,3.1939504577217326e-08,2.4722916698609516e-05,2.472293490059782e-05,0.016719794980604503,True,0.08700749999843538
collective,115,4,6,1,Exponential,1,5.0,1,1,0,1,0.24191930890083313,1.2400547794686975e-05,1.2400561862521791e-05,1.2400554942468961e-05,0.0001763316799565633,0.00017633166408340868,0.0001763316800257638,0.07032512704320441,0.07032520682373403,0.07032512701560566,0.0703252131543207,0.0007032512701560565,0.000703252131543207,0.0007032516757921012,NonNecessary,False,True,True,4.0536005591570125e-08,1.2400547794686975e-05,1.2400561862521791e-05,-1.4067834816502913e-11,False,0.1818916000192985
collective,115,4,6,2,Exponential,2,10.0,1,2,0;1,1;2,0.3421255648136139,0.01680033765631207,0.01680033766644356,0.016800337659523507,0.0001763316799565633,0.00017633166408340868,0.0001763316800257638,95.27691031158203,95.27691036903903,95.27691027419108,95.27691894574667,0.9527691027419107,0.9527691894574668,0.9527691032979452,JointlyNecessary,True,True,True,1.8212481263927746e-08,2.480109558937395e-05,2.4801123725043582e-05,0.016775536532587027,True,0.0938560000504367
collective,116,4,6,1,Exponential,1,5.0,1,1,0,1,0.24287976324558258,1.2482341625694171e-05,1.2482357132822523e-05,1.2482355204070333e-05,0.0001834081819962609,0.00018340817041525602,0.00018340818201554842,0.0680577141642931,0.0680577987141108,0.06805771415713603,0.06805780301150767,0.0006805771415713603,0.0006805780301150767,0.0006805778819793769,NonNecessary,False,True,True,7.403364450325019e-08,1.2482341625694171e-05,1.2482357132822523e-05,-1.550712835220278e-11,False,0.1635023999842815
collective,116,4,6,2,Exponential,2,10.0,1,2,0;1,1;2,0.3434838652610779,0.01761427739801028,0.017614277405074086,0.017614277403145334,0.0001834081819962609,0.00018340817041525602,0.00018340818201554842,96.03866744815876,96.03866748667289,96.03866743805916,96.03867355087534,0.9603866743805918,0.9603867355087535,0.9603866747615672,JointlyNecessary,True,True,True,2.7997967207670846e-08,2.4964683251388342e-05,2.4964714265645047e-05,0.017589312683744633,True,0.09118839999428019
collective,117,4,6,1,Exponential,1,5.0,1,1,0,1,0.2425040900707245,1.2421644469631993e-05,1.2421690288770053e-05,1.2421668123066781e-05,0.00018047185054725182,0.00018047183390247585,0.00018047185076890885,0.06882870892034053,0.06882896280557482,0.06882870883580453,0.06882896915361618,0.0006882870883580453,0.0006882896915361618,0.0006882883998474041,NonNecessary,False,True,True,1.310643998594301e-07,1.2421644469631993e-05,1.2421690288770053e-05,-4.5819138059889695e-11,False,0.10131609998643398
collective,117,4,6,2,Exponential,2,10.0,1,2,0;1,1;2,0.34295257925987244,0.017520881386367024,0.017520881413566163,0.01752088139140046,0.00018047185054725182,0.00018047183390247585,0.00018047185076890885,97.08373540381933,97.08373555453059,97.08373528458029,97.08374450848753,0.9708373528458027,0.9708374450848752,0.9708373543170975,JointlyNecessary,True,True,True,2.7890412907796096e-08,2.4843288939263987e-05,2.4843380577540107e-05,0.017496038005789482,True,0.0912856999784708
collective,118,4,6,1,Exponential,1,5.0,1,1,0,1,0.2428767830133438,1.2451012726698784e-05,1.2451029049890446e-05,1.2451021014032657e-05,0.00018106562991163224,0.00018106561475144477,0.00018106562999199081,0.06876519156493371,0.06876528171562477,0.0687651915344151,0.06876528747317606,0.000687651915344151,0.0006876528747317606,0.0006876523733471276,NonNecessary,False,True,True,4.576977897894643e-08,1.2451012726698784e-05,1.2451029049890446e-05,-1.6323191662405293e-11,False,0.2637255000299774
collective,118,4,6,2,Exponential,2,10.0,1,2,0;1,1;2,0.34347963333129883,0.017322482549376985,0.017322482563171038,0.01732248255513518,0.00018106562991163224,0.00018106561475144477,0.00018106562999199081,95.6696340317657,95.66963410794831,95.66963398930665,95.66964211813617,0.9566963398930665,0.9566964211813617,0.9566963406356741,JointlyNecessary,True,True,True,3.180170294587676e-08,2.4902025453397568e-05,2.4902058099780893e-05,0.017297580491277203,True,0.09514590003527701
collective,119,4,6,1,Exponential,1,5.0,1,1,0,1,0.24250096082687378,1.2441170448250429e-05,1.2441209452324539e-05,1.2441175929370598e-05,0.00017859161252029948,0.00017859159662644811,0.00017859161285552902,0.0696626805295031,0.06966289892763255,0.06966268039874114,0.06966290512731821,0.0006966268039874115,0.0006966290512731821,0.0006966271122030706,NonNecessary,False,True,True,3.0690803909610365e-08,1.2441170448250429e-05,1.2441209452324539e-05,-3.9004074109909434e-11,False,0.16319289995590225
collective,119,4,6,2,Exponential,2,10.0,1,2,0;1,1;2,0.34294813871383667,0.01707487197295407,0.017074872011139195,0.01707487197761624,0.00017859161252029948,0.00017859159662644811,0.00017859161285552902,95.6084764115855,95.60847662539803,95.60847623212139,95.60848513412378,0.9560847623212138,0.9560848513412379,0.956084764376907,JointlyNecessary,True,True,True,2.6105201939720116e-08,2.4882340896500857e-05,2.4882418904649077e-05,0.017049989554049422,True,0.09254330000840127
collective,120,4,6,1,Exponential,1,5.0,1,1,0,1,0.2420908659696579,1.2397526008340492e-05,1.2397543897490068e-05,1.2397536426178037e-05,0.00017855714053757442,0.00017855712549440882,0.00017855714061228752,0.06943170108468238,0.0694318012719363,0.0694317010556303,0.0694318071214597,0.000694317010556303,0.0006943180712145971,0.0006943175942924097,NonNecessary,False,True,True,5.8344558484634714e-08,1.2397526008340492e-05,1.2397543897490068e-05,-1.7889149576689458e-11,False,0.1570802999776788
collective,120,4,6,2,Exponential,2,10.0,1,2,0;1,1;2,0.3423681855201721,0.017272461564378085,0.017272461577260034,0.017272461569788723,0.00017855714053757442,0.00017855712549440882,0.00017855714061228752,96.73352469902137,96.73352477116606,96.73352465854546,96.73353292081805,0.9673352465854547,0.9673353292081804,0.9673352472932337,JointlyNecessary,True,True,True,3.030198565802572e-08,2.4795052016680984e-05,2.4795087794980137e-05,0.017247666476583105,True,0.08925060002366081
collective,121,4,6,1,Exponential,1,5.0,1,1,0,1,0.2427338808774948,1.2413952310726822e-05,1.2414006356099e-05,1.2414005274092124e-05,0.00017964122620928296,0.00017964121383431971,0.00017964122622010303,0.06910413924844012,0.06910444010016174,0.06910413924427788,0.06910444486056659,0.0006910413924427788,0.000691044448605666,0.0006910443407700715,NonNecessary,False,True,True,2.948285668762322e-07,1.2413952310726822e-05,1.2414006356099e-05,-5.40453721780841e-11,False,0.21055590000469238
collective,121,4,6,2,Exponential,2,10.0,1,2,0;1,1;2,0.34327754378318787,0.01713703482149037,0.01713703482860823,0.017137034827526224,0.00017964122620928296,0.00017964121383431971,0.00017964122622010303,95.39589092720641,95.39589096682904,95.39589092146056,95.39589753837585,0.9539589092146057,0.9539589753837586,0.9539589096080588,JointlyNecessary,True,True,True,3.359949269439513e-08,2.4827904621453644e-05,2.4828012712198e-05,0.017112206808778174,True,0.091790700040292
collective,122,4,6,1,Exponential,1,5.0,1,1,0,1,0.2433711290359497,1.2512577159316384e-05,1.2512619030717694e-05,1.2512580269566722e-05,0.00018030873088766385,0.00018030871838832047,0.00018030873127527537,0.069395292716646,0.06939552493724399,0.06939529256746624,0.0693955297478738,0.0006939529256746624,0.000693955297478738,0.0006939530996622856,NonNecessary,False,True,True,1.7249582428153484e-08,1.2512577159316384e-05,1.2512619030717694e-05,-4.1871401309761104e-11,False,0.15265349997207522
collective,122,4,6,2,Exponential,2,10.0,1,2,0;1,1;2,0.3441787660121918,0.01735839667315724,0.017358396719308018,0.017358396680546867,0.00018030873088766385,0.00018030871838832047,0.00018030873127527537,96.27041678847979,96.270417044434,96.2704165815263,96.27042371808245,0.9627041658152631,0.9627042371808247,0.9627041682946298,JointlyNecessary,True,True,True,4.098318176095523e-08,2.5025154318632768e-05,2.5025238061435387e-05,0.017333371435095803,True,0.08413370000198483
collective,123,4,6,1,Exponential,1,5.0,1,1,0,1,0.24239346385002136,1.2464031546017054e-05,1.246403904908859e-05,1.2464036438312065e-05,0.000176960274663095,0.00017696025326318997,0.00017696027468920274,0.0704340653276372,0.07043410772738794,0.07043406531724575,0.07043411624502502,0.0007043406531724574,0.0007043411624502501,0.0007043409297392686,NonNecessary,False,True,True,2.764628969766886e-08,1.2464031546017054e-05,1.246403904908859e-05,-7.503071535114921e-12,False,0.17612540000118315
collective,123,4,6,2,Exponential,2,10.0,1,2,0;1,1;2,0.34279611706733704,0.017156826561002824,0.017156826568579628,0.01715682656596885,0.000176960274663095,0.00017696025326318997,0.00017696027468920274,96.95298333858698,96.95298338140339,96.95298332428307,96.95299510598333,0.9695298332428307,0.9695299510598333,0.9695298336664994,JointlyNecessary,True,True,True,2.8062946551036447e-08,2.492806309203411e-05,2.492807809817718e-05,0.017131898482904646,True,0.09044359996914864
collective,124,4,6,1,Exponential,1,5.0,1,1,0,1,0.24298705160617828,1.2513127068530902e-05,1.2513155120587633e-05,1.2513151282252642e-05,0.00017697393333995255,0.00017697390893996125,0.0001769739333783359,0.0707060459830217,0.0707062044925615,0.07070604596768647,0.07070621424106503,0.0007070604596768648,0.0007070621424106503,0.0007070618280385901,NonNecessary,False,True,True,1.368208372622516e-07,1.2513127068530902e-05,1.2513155120587633e-05,-2.805205673056966e-11,False,0.2022953000268899
collective,124,4,6,2,Exponential,2,10.0,1,2,0;1,1;2,0.34363558888435364,0.016958908516640513,0.01695890852620152,0.016958908522363186,0.00017697393333995255,0.00017697390893996125,0.0001769739333783359,95.82715486163619,95.82715491566114,95.82715484085251,95.82716812767505,0.9582715484085252,0.9582716812767506,0.9582715489397244,JointlyNecessary,True,True,True,3.233624338590154e-08,2.5026254137061805e-05,2.5026310241175266e-05,0.01693388220639934,True,0.0871659999829717
collective,125,4,6,1,Exponential,1,5.0,1,1,0,1,0.24307496845722198,1.2495219722510323e-05,1.2495227513094678e-05,1.249522294461048e-05,0.0001789689366309234,0.00017896892245635197,0.00017896893667660824,0.06981781284356874,0.06981785637394054,0.06981781282574656,0.06981786190360557,0.0006981781282574657,0.0006981786190360559,0.0006981783084725261,NonNecessary,False,True,True,1.8003683984115673e-08,1.2495219722510323e-05,1.2495227513094678e-05,-7.79058435499563e-12,False,0.15280159999383613
collective,125,4,6,2,Exponential,2,10.0,1,2,0;1,1;2,0.3437599241733551,0.017359365974562644,0.017359365984369473,0.01735936597980099,0.0001789689366309234,0.00017896892245635197,0.00017896893667660824,96.99653080222404,96.9965308570203,96.99653077746405,96.9965385392717,0.9699653077746404,0.969965385392717,0.9699653083149362,JointlyNecessary,True,True,True,2.9269576993448386e-08,2.4990439445020645e-05,2.4990455026189355e-05,0.017334375519536455,True,0.08615670003928244
collective,126,4,6,1,Exponential,1,5.0,1,1,0,1,0.24238820374011993,1.2451965550280646e-05,1.2452032154502072e-05,1.2451968572128338e-05,0.00017974572705817696,0.0001797457118739712,0.0001797457276940007,0.06927544678850925,0.06927581733540635,0.06927544654345769,0.06927582318755299,0.0006927544654345768,0.0006927582318755299,0.0006927546360030078,NonNecessary,False,True,True,1.681179149066921e-08,1.2451965550280646e-05,1.2452032154502072e-05,-6.660422142604856e-11,False,0.15762259997427464
collective,126,4,6,2,Exponential,2,10.0,1,2,0;1,1;2,0.3427886962890625,0.0172073590974887,0.017207359165264224,0.017207359101681852,0.00017974572705817696,0.0001797457118739712,0.0001797457276940007,95.73167261950724,95.73167299657058,95.73167228087071,95.7316810836031,0.957316722808707,0.9573168108360312,0.9573167264283547,JointlyNecessary,True,True,True,2.3328252221206085e-08,2.4903931100561292e-05,2.4904064309004144e-05,0.017182455033179694,True,0.08999350003432482
collective,127,4,6,1,Exponential,1,5.0,1,1,0,1,0.24276120960712433,1.251867204969876e-05,1.2518716130607596e-05,1.2518678308864742e-05,0.00017695284067368049,0.00017695281772982423,0.0001769528410518979,0.07074581002508176,0.07074605913613682,0.07074580987387029,0.07074606830913238,0.000707458098738703,0.0007074606830913239,0.0007074584539702583,NonNecessary,False,True,True,3.5371944133034726e-08,1.251867204969876e-05,1.2518716130607596e-05,-4.408090883651695e-11,False,0.14746299997204915
collective,127,4,6,2,Exponential,2,10.0,1,2,0;1,1;2,0.3433161973953247,0.017022922732021013,0.01702292277349749,0.01702292273567575,0.00017695284067368049,0.00017695281772982423,0.0001769528410518979,96.20033601728417,96.20033625167702,96.20033581166643,96.20034872509629,0.9620033581166644,0.962003487250963,0.9620033603793791,JointlyNecessary,True,True,True,2.0653734784458854e-08,2.503734409939752e-05,2.5037432261215192e-05,0.016997885299759798,True,0.09894809999968857
collective,128,4,6,1,Exponential,1,5.0,1,1,0,1,0.24288050830364227,1.249537350456111e-05,1.2495391778388677e-05,1.2495383312552172e-05,0.00017948583887255557,0.0001794858267665304,0.00017948583895721393,0.06961760093749504,0.06961770274958051,0.0696176009046584,0.06961770744518059,0.0006961760090465841,0.0006961770744518059,0.0006961765558242482,NonNecessary,False,True,True,5.464492986485327e-08,1.249537350456111e-05,1.2495391778388677e-05,-1.827382756697032e-11,False,0.14228430000366643
collective,128,4,6,2,Exponential,2,10.0,1,2,0;1,1;2,0.34348490834236145,0.01725544308147533,0.01725544309567187,0.017255443087206033,0.00017948583887255557,0.0001794858267665304,0.00017948583895721393,96.1381866662339,96.1381867453295,96.13818662088826,96.1381932296928,0.9613818662088826,0.961381932296928,0.9613818669816234,JointlyNecessary,True,True,True,3.1928448786033833e-08,2.499074700912222e-05,2.4990783556777353e-05,0.01723045229791855,True,0.08478490001289174
collective,129,4,6,1,Exponential,1,5.0,1,1,0,1,0.24241416156291962,1.2386779578486373e-05,1.2386834849383932e-05,1.2386785200339887e-05,0.00017879547329734347,0.00017879545665976926,0.00017879547379383393,0.06927904465392534,0.0692793537831026,0.06927904446154695,0.06927936022980104,0.0006927904446154695,0.0006927936022980103,0.0006927907609685513,NonNecessary,False,True,True,3.144292974068759e-08,1.2386779578486373e-05,1.2386834849383932e-05,-5.527089755926612e-11,False,0.20446680003078654
collective,129,4,6,2,Exponential,2,10.0,1,2,0;1,1;2,0.34282538294792175,0.017174634940865463,0.017174634996968138,0.017174634947319092,0.00017879547329734347,0.00017879545665976926,0.00017879547379383393,96.05743716063444,96.05743747441574,96.05743689389614,96.05744641291325,0.9605743689389614,0.9605744641291324,0.9605743719672948,JointlyNecessary,True,True,True,3.609504076369679e-08,2.4773559156972746e-05,2.4773669698767865e-05,0.017149861271166696,True,0.08965470001567155
